ID,Req. Timestamp,Resp. Timestamp,Method,URL,Code,Reason,RTT,Size Resp. Header,Size Resp. Body
10835,Thu Jun 11 06:22:58 PDT 2026,Thu Jun 11 06:22:58 PDT 2026,GET,https://brillsign.com/243487739531221849,404,Not Found,10,316,79
10837,Thu Jun 11 06:22:59 PDT 2026,Thu Jun 11 06:22:59 PDT 2026,GET,https://brillsign.com/assets/5320026023837105602,404,Not Found,18,316,79
10839,Thu Jun 11 06:22:59 PDT 2026,Thu Jun 11 06:22:59 PDT 2026,GET,https://brillsign.com/blog/6589585374013973027,404,Not Found,8,317,3718
10841,Thu Jun 11 06:22:59 PDT 2026,Thu Jun 11 06:22:59 PDT 2026,GET,https://brillsign.com/WEB-INF/web.xml,404,Not Found,10,316,79
10842,Thu Jun 11 06:22:59 PDT 2026,Thu Jun 11 06:22:59 PDT 2026,GET,https://brillsign.com/WEB-INF/applicationContext.xml,404,Not Found,9,316,79
10843,Thu Jun 11 06:22:59 PDT 2026,Thu Jun 11 06:22:59 PDT 2026,GET,https://brillsign.com/?-s,200,OK,12,490,82027
10844,Thu Jun 11 06:22:59 PDT 2026,Thu Jun 11 06:22:59 PDT 2026,POST,https://brillsign.com/?-d+allow_url_include%3d1+-d+auto_prepend_file%3dphp://input,405,Method Not Allowed,8,349,0
10845,Thu Jun 11 06:22:59 PDT 2026,Thu Jun 11 06:22:59 PDT 2026,POST,https://brillsign.com/?-d+allow_url_include%3d1+-d+auto_prepend_file%3dphp://input,405,Method Not Allowed,21,349,0
10846,Thu Jun 11 06:22:59 PDT 2026,Thu Jun 11 06:22:59 PDT 2026,GET,https://brillsign.com/,200,OK,12,490,82027
10847,Thu Jun 11 06:23:09 PDT 2026,Thu Jun 11 06:23:09 PDT 2026,GET,https://archive.mozilla.org/pub/system-addons/newtab/newtab-153.3.0-build1/newtab.xpi,200,OK,27,884,3327610
10848,Thu Jun 11 06:23:10 PDT 2026,Thu Jun 11 06:23:10 PDT 2026,GET,https://brillsign.com/,200,OK,63,490,82027
10849,Thu Jun 11 06:23:10 PDT 2026,Thu Jun 11 06:23:10 PDT 2026,GET,https://brillsign.com/index.css?v=20260224w,200,OK,17,509,146741
10850,Thu Jun 11 06:23:10 PDT 2026,Thu Jun 11 06:23:10 PDT 2026,GET,https://fonts.googleapis.com/css2?family=Poppins:wght@300;400;500;600;700;800&display=swap,200,OK,39,703,7194
10851,Thu Jun 11 06:23:10 PDT 2026,Thu Jun 11 06:23:10 PDT 2026,GET,https://brillsign.com/shared-components.js?v=20260311_v6,200,OK,35,533,37581
10852,Thu Jun 11 06:23:10 PDT 2026,Thu Jun 11 06:23:10 PDT 2026,GET,https://cdnjs.cloudflare.com/ajax/libs/font-awesome/6.4.2/css/all.min.css,200,OK,57,959,102217
10853,Thu Jun 11 06:23:10 PDT 2026,Thu Jun 11 06:23:10 PDT 2026,GET,https://brillsign.com/animations.js,200,OK,7,526,35389
10854,Thu Jun 11 06:23:10 PDT 2026,Thu Jun 11 06:23:10 PDT 2026,GET,https://brillsign.com/translations.js,200,OK,28,529,125309
10855,Thu Jun 11 06:23:11 PDT 2026,Thu Jun 11 06:23:11 PDT 2026,GET,https://brillsign.com/scenario_compliance.png,200,OK,12,509,567930
10856,Thu Jun 11 06:23:11 PDT 2026,Thu Jun 11 06:23:11 PDT 2026,GET,https://brillsign.com/scenario_audit_trails.png,200,OK,16,511,542303
10857,Thu Jun 11 06:23:11 PDT 2026,Thu Jun 11 06:23:11 PDT 2026,GET,https://brillsign.com/brillsign_access_anywhere_1769792518327.png,200,OK,11,529,484968
10858,Thu Jun 11 06:23:11 PDT 2026,Thu Jun 11 06:23:11 PDT 2026,GET,https://brillsign.com/scenario_zero_knowledge.png,200,OK,35,513,578596
10859,Thu Jun 11 06:23:11 PDT 2026,Thu Jun 11 06:23:11 PDT 2026,GET,https://brillsign.com/brillsign_send_instantly_1769792536421.png,200,OK,12,528,626091
10860,Thu Jun 11 06:23:11 PDT 2026,Thu Jun 11 06:23:11 PDT 2026,GET,https://brillsign.com/scenario_identity.png,200,OK,15,507,557906
10861,Thu Jun 11 06:23:11 PDT 2026,Thu Jun 11 06:23:11 PDT 2026,GET,https://brillsign.com/scenario_exit_safe.png,200,OK,11,508,502756
10862,Thu Jun 11 06:23:11 PDT 2026,Thu Jun 11 06:23:11 PDT 2026,GET,https://brillsign.com/scenario_jurisdiction.png,200,OK,36,511,527297
10863,Thu Jun 11 06:23:11 PDT 2026,Thu Jun 11 06:23:11 PDT 2026,GET,https://brillsign.com/press_logos.png,200,OK,12,501,150937
10864,Thu Jun 11 06:23:12 PDT 2026,Thu Jun 11 06:23:12 PDT 2026,GET,https://cdnjs.cloudflare.com/ajax/libs/font-awesome/6.4.2/webfonts/fa-solid-900.woff2,200,OK,19,979,150020
10865,Thu Jun 11 06:23:12 PDT 2026,Thu Jun 11 06:23:12 PDT 2026,GET,https://fonts.gstatic.com/s/poppins/v24/pxiByp8kv8JHgFVrLCz7Z1xlFQ.woff2,200,OK,20,816,7816
10866,Thu Jun 11 06:23:12 PDT 2026,Thu Jun 11 06:23:12 PDT 2026,GET,https://fonts.gstatic.com/s/poppins/v24/pxiByp8kv8JHgFVrLDD4Z1xlFQ.woff2,200,OK,17,816,7824
10867,Thu Jun 11 06:23:12 PDT 2026,Thu Jun 11 06:23:12 PDT 2026,GET,https://fonts.gstatic.com/s/poppins/v24/pxiByp8kv8JHgFVrLEj6Z1xlFQ.woff2,200,OK,2,816,8000
10868,Thu Jun 11 06:23:12 PDT 2026,Thu Jun 11 06:23:12 PDT 2026,GET,https://fonts.gstatic.com/s/poppins/v24/pxiByp8kv8JHgFVrLGT9Z1xlFQ.woff2,200,OK,21,816,7748
10869,Thu Jun 11 06:23:12 PDT 2026,Thu Jun 11 06:23:12 PDT 2026,GET,https://fonts.gstatic.com/s/poppins/v24/pxiEyp8kv8JHgFVrJJfecg.woff2,200,OK,19,816,7884
10870,Thu Jun 11 06:23:12 PDT 2026,Thu Jun 11 06:23:12 PDT 2026,GET,https://fonts.googleapis.com/css2?family=Varela+Round&family=Rajdhani:wght@600;700&family=Dancing+Script:wght@700&display=swap,200,OK,32,703,5371
10871,Thu Jun 11 06:23:12 PDT 2026,Thu Jun 11 06:23:12 PDT 2026,GET,https://brillsign.com/solutions-dashboard-preview.png,200,OK,10,516,42014
10872,Thu Jun 11 06:23:12 PDT 2026,Thu Jun 11 06:23:12 PDT 2026,GET,https://brillsign.com/1111111%20(1).png,200,OK,12,499,6757
10873,Thu Jun 11 06:23:12 PDT 2026,Thu Jun 11 06:23:12 PDT 2026,GET,https://brillsign.com/assets/featured_resource_guide.png,200,OK,12,512,56591
10874,Thu Jun 11 06:23:12 PDT 2026,Thu Jun 11 06:23:12 PDT 2026,GET,https://www.vectorlogo.zone/logos/dropbox/dropbox-icon.svg,200,OK,46,804,396
10875,Thu Jun 11 06:23:12 PDT 2026,Thu Jun 11 06:23:12 PDT 2026,GET,https://www.vectorlogo.zone/logos/microsoft/microsoft-icon.svg,200,OK,51,818,295
10876,Thu Jun 11 06:23:12 PDT 2026,Thu Jun 11 06:23:12 PDT 2026,GET,https://www.vectorlogo.zone/logos/oracle/oracle-icon.svg,200,OK,63,814,401
10877,Thu Jun 11 06:23:12 PDT 2026,Thu Jun 11 06:23:12 PDT 2026,GET,https://www.vectorlogo.zone/logos/hubspot/hubspot-icon.svg,200,OK,62,815,1275
10878,Thu Jun 11 06:23:12 PDT 2026,Thu Jun 11 06:23:12 PDT 2026,GET,https://www.vectorlogo.zone/logos/sap/sap-icon.svg,200,OK,88,801,1397
10879,Thu Jun 11 06:23:12 PDT 2026,Thu Jun 11 06:23:12 PDT 2026,GET,https://www.vectorlogo.zone/logos/salesforce/salesforce-icon.svg,200,OK,50,803,599
10880,Thu Jun 11 06:23:12 PDT 2026,Thu Jun 11 06:23:12 PDT 2026,GET,https://www.vectorlogo.zone/logos/amazon_aws/amazon_aws-icon.svg,200,OK,119,806,495
10881,Thu Jun 11 06:23:12 PDT 2026,Thu Jun 11 06:23:12 PDT 2026,GET,https://fonts.gstatic.com/s/poppins/v24/pxiEyp8kv8JHgFVrJJbecmNE.woff2,200,OK,3,817,39660
10882,Thu Jun 11 06:23:12 PDT 2026,Thu Jun 11 06:23:12 PDT 2026,GET,https://images.unsplash.com/photo-1450101499163-c8848c66ca85?auto=format&fit=crop&q=80&w=1600,200,OK,16,639,36588
10883,Thu Jun 11 06:23:12 PDT 2026,Thu Jun 11 06:23:12 PDT 2026,GET,https://www.vectorlogo.zone/logos/google/google-icon.svg,200,OK,144,800,757
10884,Thu Jun 11 06:23:12 PDT 2026,Thu Jun 11 06:23:12 PDT 2026,GET,https://brillsign.com/favicon.ico,404,Not Found,8,316,79
10885,Thu Jun 11 06:23:19 PDT 2026,Thu Jun 11 06:23:19 PDT 2026,GET,https://images.unsplash.com/photo-1460925895917-afdab827c52f?auto=format&fit=crop&q=80&w=1600,200,OK,7,639,68016
10886,Thu Jun 11 06:23:22 PDT 2026,Thu Jun 11 06:23:22 PDT 2026,GET,https://brillsign.com/index.html,200,OK,23,510,82027
10887,Thu Jun 11 06:23:22 PDT 2026,Thu Jun 11 06:23:22 PDT 2026,GET,https://brillsign.com/index.css?v=20260224w,200,OK,17,509,146741
10888,Thu Jun 11 06:23:22 PDT 2026,Thu Jun 11 06:23:22 PDT 2026,GET,https://brillsign.com/shared-components.js?v=20260311_v6,200,OK,11,533,37581
10889,Thu Jun 11 06:23:22 PDT 2026,Thu Jun 11 06:23:22 PDT 2026,GET,https://brillsign.com/translations.js,200,OK,11,529,125309
10890,Thu Jun 11 06:23:22 PDT 2026,Thu Jun 11 06:23:22 PDT 2026,GET,https://brillsign.com/animations.js,200,OK,14,526,35389
10891,Thu Jun 11 06:23:22 PDT 2026,Thu Jun 11 06:23:22 PDT 2026,GET,https://brillsign.com/scenario_audit_trails.png,200,OK,12,511,542303
10892,Thu Jun 11 06:23:22 PDT 2026,Thu Jun 11 06:23:22 PDT 2026,GET,https://brillsign.com/scenario_compliance.png,200,OK,15,509,567930
10893,Thu Jun 11 06:23:22 PDT 2026,Thu Jun 11 06:23:22 PDT 2026,GET,https://brillsign.com/scenario_jurisdiction.png,200,OK,10,511,527297
10894,Thu Jun 11 06:23:22 PDT 2026,Thu Jun 11 06:23:22 PDT 2026,GET,https://brillsign.com/scenario_identity.png,200,OK,10,507,557906
10895,Thu Jun 11 06:23:22 PDT 2026,Thu Jun 11 06:23:22 PDT 2026,GET,https://brillsign.com/scenario_exit_safe.png,200,OK,10,508,502756
10896,Thu Jun 11 06:23:22 PDT 2026,Thu Jun 11 06:23:22 PDT 2026,GET,https://brillsign.com/brillsign_access_anywhere_1769792518327.png,200,OK,13,529,484968
10897,Thu Jun 11 06:23:22 PDT 2026,Thu Jun 11 06:23:22 PDT 2026,GET,https://brillsign.com/scenario_zero_knowledge.png,200,OK,27,513,578596
10898,Thu Jun 11 06:23:22 PDT 2026,Thu Jun 11 06:23:22 PDT 2026,GET,https://brillsign.com/brillsign_send_instantly_1769792536421.png,200,OK,18,528,626091
10899,Thu Jun 11 06:23:22 PDT 2026,Thu Jun 11 06:23:22 PDT 2026,GET,https://brillsign.com/press_logos.png,200,OK,16,501,150937
10900,Thu Jun 11 06:23:23 PDT 2026,Thu Jun 11 06:23:23 PDT 2026,GET,https://brillsign.com/solutions-dashboard-preview.png,200,OK,9,516,42014
10901,Thu Jun 11 06:23:23 PDT 2026,Thu Jun 11 06:23:23 PDT 2026,GET,https://brillsign.com/assets/featured_resource_guide.png,200,OK,9,512,56591
10902,Thu Jun 11 06:23:23 PDT 2026,Thu Jun 11 06:23:23 PDT 2026,GET,https://brillsign.com/1111111%20(1).png,200,OK,26,499,6757
10903,Thu Jun 11 06:23:23 PDT 2026,Thu Jun 11 06:23:23 PDT 2026,GET,https://brillsign.com/,200,OK,9,490,82027
10904,Thu Jun 11 06:23:23 PDT 2026,Thu Jun 11 06:23:23 PDT 2026,GET,https://brillsign.com/index.css?v=20260224w,200,OK,9,509,146741
10905,Thu Jun 11 06:23:23 PDT 2026,Thu Jun 11 06:23:23 PDT 2026,GET,https://brillsign.com/shared-components.js?v=20260311_v6,200,OK,6,533,37581
10906,Thu Jun 11 06:23:23 PDT 2026,Thu Jun 11 06:23:23 PDT 2026,GET,https://brillsign.com/animations.js,200,OK,9,526,35389
10907,Thu Jun 11 06:23:23 PDT 2026,Thu Jun 11 06:23:24 PDT 2026,GET,https://brillsign.com/translations.js,200,OK,274,529,125309
10908,Thu Jun 11 06:23:23 PDT 2026,Thu Jun 11 06:23:24 PDT 2026,GET,https://brillsign.com/scenario_compliance.png,200,OK,273,509,567930
10909,Thu Jun 11 06:23:23 PDT 2026,Thu Jun 11 06:23:24 PDT 2026,GET,https://brillsign.com/scenario_audit_trails.png,200,OK,274,511,542303
10910,Thu Jun 11 06:23:23 PDT 2026,Thu Jun 11 06:23:24 PDT 2026,GET,https://brillsign.com/scenario_zero_knowledge.png,200,OK,285,513,578596
10911,Thu Jun 11 06:23:24 PDT 2026,Thu Jun 11 06:23:24 PDT 2026,GET,https://brillsign.com/scenario_identity.png,200,OK,11,507,557906
10912,Thu Jun 11 06:23:24 PDT 2026,Thu Jun 11 06:23:24 PDT 2026,GET,https://brillsign.com/scenario_jurisdiction.png,200,OK,11,511,527297
10913,Thu Jun 11 06:23:24 PDT 2026,Thu Jun 11 06:23:24 PDT 2026,GET,https://brillsign.com/brillsign_access_anywhere_1769792518327.png,200,OK,10,529,484968
10914,Thu Jun 11 06:23:24 PDT 2026,Thu Jun 11 06:23:24 PDT 2026,GET,https://brillsign.com/scenario_exit_safe.png,200,OK,16,508,502756
10915,Thu Jun 11 06:23:24 PDT 2026,Thu Jun 11 06:23:24 PDT 2026,GET,https://brillsign.com/press_logos.png,200,OK,6,501,150937
10916,Thu Jun 11 06:23:24 PDT 2026,Thu Jun 11 06:23:24 PDT 2026,GET,https://brillsign.com/brillsign_send_instantly_1769792536421.png,200,OK,14,528,626091
10917,Thu Jun 11 06:23:24 PDT 2026,Thu Jun 11 06:23:24 PDT 2026,GET,https://brillsign.com/1111111%20(1).png,200,OK,9,499,6757
10918,Thu Jun 11 06:23:24 PDT 2026,Thu Jun 11 06:23:24 PDT 2026,GET,https://brillsign.com/assets/featured_resource_guide.png,200,OK,10,512,56591
10919,Thu Jun 11 06:23:24 PDT 2026,Thu Jun 11 06:23:24 PDT 2026,GET,https://brillsign.com/solutions-dashboard-preview.png,200,OK,230,516,42014
10920,Thu Jun 11 06:23:25 PDT 2026,Thu Jun 11 06:23:25 PDT 2026,GET,https://brillsign.com/index.html,200,OK,8,510,82027
10921,Thu Jun 11 06:23:25 PDT 2026,Thu Jun 11 06:23:25 PDT 2026,GET,https://brillsign.com/index.css?v=20260224w,200,OK,10,509,146741
10922,Thu Jun 11 06:23:25 PDT 2026,Thu Jun 11 06:23:25 PDT 2026,GET,https://brillsign.com/animations.js,200,OK,13,526,35389
10923,Thu Jun 11 06:23:25 PDT 2026,Thu Jun 11 06:23:25 PDT 2026,GET,https://brillsign.com/shared-components.js?v=20260311_v6,200,OK,17,533,37581
10924,Thu Jun 11 06:23:25 PDT 2026,Thu Jun 11 06:23:25 PDT 2026,GET,https://brillsign.com/scenario_jurisdiction.png,200,OK,13,511,527297
10925,Thu Jun 11 06:23:25 PDT 2026,Thu Jun 11 06:23:25 PDT 2026,GET,https://brillsign.com/scenario_identity.png,200,OK,16,507,557906
10926,Thu Jun 11 06:23:25 PDT 2026,Thu Jun 11 06:23:25 PDT 2026,GET,https://brillsign.com/scenario_exit_safe.png,200,OK,16,508,502756
10927,Thu Jun 11 06:23:25 PDT 2026,Thu Jun 11 06:23:25 PDT 2026,GET,https://brillsign.com/brillsign_send_instantly_1769792536421.png,200,OK,10,528,626091
10928,Thu Jun 11 06:23:25 PDT 2026,Thu Jun 11 06:23:25 PDT 2026,GET,https://brillsign.com/press_logos.png,200,OK,9,501,150937
10929,Thu Jun 11 06:23:25 PDT 2026,Thu Jun 11 06:23:25 PDT 2026,GET,https://brillsign.com/translations.js,200,OK,11,529,125309
10930,Thu Jun 11 06:23:25 PDT 2026,Thu Jun 11 06:23:25 PDT 2026,GET,https://brillsign.com/scenario_zero_knowledge.png,200,OK,10,513,578596
10931,Thu Jun 11 06:23:25 PDT 2026,Thu Jun 11 06:23:25 PDT 2026,GET,https://brillsign.com/scenario_compliance.png,200,OK,16,509,567930
10932,Thu Jun 11 06:23:25 PDT 2026,Thu Jun 11 06:23:25 PDT 2026,GET,https://brillsign.com/scenario_audit_trails.png,200,OK,20,511,542303
10933,Thu Jun 11 06:23:25 PDT 2026,Thu Jun 11 06:23:25 PDT 2026,GET,https://brillsign.com/brillsign_access_anywhere_1769792518327.png,200,OK,19,529,484968
10934,Thu Jun 11 06:23:25 PDT 2026,Thu Jun 11 06:23:25 PDT 2026,GET,https://brillsign.com/1111111%20(1).png,200,OK,7,499,6757
10935,Thu Jun 11 06:23:25 PDT 2026,Thu Jun 11 06:23:25 PDT 2026,GET,https://brillsign.com/assets/featured_resource_guide.png,200,OK,8,512,56591
10936,Thu Jun 11 06:23:25 PDT 2026,Thu Jun 11 06:23:25 PDT 2026,GET,https://brillsign.com/solutions-dashboard-preview.png,200,OK,11,516,42014
10937,Thu Jun 11 06:23:26 PDT 2026,Thu Jun 11 06:23:26 PDT 2026,GET,https://brillsign.com/,200,OK,10,490,82027
10938,Thu Jun 11 06:23:26 PDT 2026,Thu Jun 11 06:23:26 PDT 2026,GET,https://brillsign.com/animations.js,200,OK,7,526,35389
10939,Thu Jun 11 06:23:26 PDT 2026,Thu Jun 11 06:23:26 PDT 2026,GET,https://brillsign.com/index.css?v=20260224w,200,OK,10,509,146741
10940,Thu Jun 11 06:23:26 PDT 2026,Thu Jun 11 06:23:26 PDT 2026,GET,https://brillsign.com/translations.js,200,OK,19,529,125309
10941,Thu Jun 11 06:23:26 PDT 2026,Thu Jun 11 06:23:26 PDT 2026,GET,https://brillsign.com/shared-components.js?v=20260311_v6,200,OK,32,533,37581
10942,Thu Jun 11 06:23:26 PDT 2026,Thu Jun 11 06:23:26 PDT 2026,GET,https://brillsign.com/scenario_compliance.png,200,OK,12,509,567930
10943,Thu Jun 11 06:23:26 PDT 2026,Thu Jun 11 06:23:26 PDT 2026,GET,https://brillsign.com/scenario_audit_trails.png,200,OK,26,511,542303
10944,Thu Jun 11 06:23:26 PDT 2026,Thu Jun 11 06:23:26 PDT 2026,GET,https://brillsign.com/scenario_zero_knowledge.png,200,OK,14,513,578596
10945,Thu Jun 11 06:23:26 PDT 2026,Thu Jun 11 06:23:26 PDT 2026,GET,https://brillsign.com/scenario_jurisdiction.png,200,OK,13,511,527297
10946,Thu Jun 11 06:23:26 PDT 2026,Thu Jun 11 06:23:26 PDT 2026,GET,https://brillsign.com/scenario_identity.png,200,OK,11,507,557906
10947,Thu Jun 11 06:23:26 PDT 2026,Thu Jun 11 06:23:27 PDT 2026,GET,https://brillsign.com/scenario_exit_safe.png,200,OK,11,508,502756
10948,Thu Jun 11 06:23:26 PDT 2026,Thu Jun 11 06:23:27 PDT 2026,GET,https://brillsign.com/press_logos.png,200,OK,9,501,150937
10949,Thu Jun 11 06:23:26 PDT 2026,Thu Jun 11 06:23:27 PDT 2026,GET,https://brillsign.com/brillsign_send_instantly_1769792536421.png,200,OK,11,528,626091
10950,Thu Jun 11 06:23:26 PDT 2026,Thu Jun 11 06:23:27 PDT 2026,GET,https://brillsign.com/brillsign_access_anywhere_1769792518327.png,200,OK,24,529,484968
10951,Thu Jun 11 06:23:27 PDT 2026,Thu Jun 11 06:23:27 PDT 2026,GET,https://brillsign.com/1111111%20(1).png,200,OK,9,499,6757
10952,Thu Jun 11 06:23:27 PDT 2026,Thu Jun 11 06:23:27 PDT 2026,GET,https://brillsign.com/solutions-dashboard-preview.png,200,OK,10,516,42014
10953,Thu Jun 11 06:23:27 PDT 2026,Thu Jun 11 06:23:27 PDT 2026,GET,https://brillsign.com/assets/featured_resource_guide.png,200,OK,9,512,56591
10954,Thu Jun 11 06:24:15 PDT 2026,Thu Jun 11 06:24:15 PDT 2026,GET,https://brillsign.com/join-waitlist.html,200,OK,15,518,10623
10955,Thu Jun 11 06:24:15 PDT 2026,Thu Jun 11 06:24:15 PDT 2026,GET,https://brillsign.com/cta-pages.css,200,OK,10,511,9182
10956,Thu Jun 11 06:24:15 PDT 2026,Thu Jun 11 06:24:15 PDT 2026,GET,https://brillsign.com/index.css,200,OK,52,509,146741
10957,Thu Jun 11 06:24:15 PDT 2026,Thu Jun 11 06:24:15 PDT 2026,GET,https://brillsign.com/shared-components.js?v=20260311_v6,200,OK,21,533,37581
10958,Thu Jun 11 06:24:16 PDT 2026,Thu Jun 11 06:24:16 PDT 2026,GET,https://brillsign.com/1111111%20(1).png,200,OK,9,499,6757
10959,Thu Jun 11 06:24:16 PDT 2026,Thu Jun 11 06:24:16 PDT 2026,GET,https://brillsign.com/solutions-dashboard-preview.png,200,OK,10,516,42014
10960,Thu Jun 11 06:24:16 PDT 2026,Thu Jun 11 06:24:16 PDT 2026,GET,https://brillsign.com/assets/featured_resource_guide.png,200,OK,13,512,56591
10961,Thu Jun 11 06:24:16 PDT 2026,Thu Jun 11 06:24:16 PDT 2026,GET,https://brillsign.com/,200,OK,7,490,82027
10962,Thu Jun 11 06:24:16 PDT 2026,Thu Jun 11 06:24:16 PDT 2026,GET,https://brillsign.com/shared-components.js?v=20260311_v6,200,OK,8,533,37581
10963,Thu Jun 11 06:24:16 PDT 2026,Thu Jun 11 06:24:16 PDT 2026,GET,https://brillsign.com/index.css?v=20260224w,200,OK,10,509,146741
10964,Thu Jun 11 06:24:16 PDT 2026,Thu Jun 11 06:24:16 PDT 2026,GET,https://brillsign.com/animations.js,200,OK,13,526,35389
10965,Thu Jun 11 06:24:16 PDT 2026,Thu Jun 11 06:24:16 PDT 2026,GET,https://brillsign.com/translations.js,200,OK,9,529,125309
10966,Thu Jun 11 06:24:16 PDT 2026,Thu Jun 11 06:24:16 PDT 2026,GET,https://brillsign.com/scenario_audit_trails.png,200,OK,14,511,542303
10967,Thu Jun 11 06:24:16 PDT 2026,Thu Jun 11 06:24:16 PDT 2026,GET,https://brillsign.com/scenario_jurisdiction.png,200,OK,15,511,527297
10968,Thu Jun 11 06:24:16 PDT 2026,Thu Jun 11 06:24:16 PDT 2026,GET,https://brillsign.com/scenario_zero_knowledge.png,200,OK,14,513,578596
10969,Thu Jun 11 06:24:16 PDT 2026,Thu Jun 11 06:24:16 PDT 2026,GET,https://brillsign.com/scenario_compliance.png,200,OK,15,509,567930
10970,Thu Jun 11 06:24:16 PDT 2026,Thu Jun 11 06:24:16 PDT 2026,GET,https://brillsign.com/scenario_identity.png,200,OK,9,507,557906
10971,Thu Jun 11 06:24:16 PDT 2026,Thu Jun 11 06:24:16 PDT 2026,GET,https://brillsign.com/brillsign_access_anywhere_1769792518327.png,200,OK,13,529,484968
10972,Thu Jun 11 06:24:16 PDT 2026,Thu Jun 11 06:24:16 PDT 2026,GET,https://brillsign.com/brillsign_send_instantly_1769792536421.png,200,OK,15,528,626091
10973,Thu Jun 11 06:24:16 PDT 2026,Thu Jun 11 06:24:16 PDT 2026,GET,https://brillsign.com/scenario_exit_safe.png,200,OK,9,508,502756
10974,Thu Jun 11 06:24:16 PDT 2026,Thu Jun 11 06:24:16 PDT 2026,GET,https://brillsign.com/press_logos.png,200,OK,11,501,150937
10975,Thu Jun 11 06:24:16 PDT 2026,Thu Jun 11 06:24:16 PDT 2026,GET,https://brillsign.com/1111111%20(1).png,200,OK,10,499,6757
10976,Thu Jun 11 06:24:16 PDT 2026,Thu Jun 11 06:24:16 PDT 2026,GET,https://brillsign.com/solutions-dashboard-preview.png,200,OK,10,516,42014
10977,Thu Jun 11 06:24:16 PDT 2026,Thu Jun 11 06:24:16 PDT 2026,GET,https://brillsign.com/assets/featured_resource_guide.png,200,OK,8,512,56591
10978,Thu Jun 11 06:24:20 PDT 2026,Thu Jun 11 06:24:20 PDT 2026,GET,https://brillsign.com/start-free-trial.html,200,OK,14,520,9531
10979,Thu Jun 11 06:24:20 PDT 2026,Thu Jun 11 06:24:20 PDT 2026,GET,https://brillsign.com/index.css,200,OK,9,509,146741
10980,Thu Jun 11 06:24:20 PDT 2026,Thu Jun 11 06:24:20 PDT 2026,GET,https://brillsign.com/shared-components.js?v=20260311_v6,200,OK,8,533,37581
10981,Thu Jun 11 06:24:20 PDT 2026,Thu Jun 11 06:24:20 PDT 2026,GET,https://brillsign.com/cta-pages.css,200,OK,23,511,9182
10982,Thu Jun 11 06:24:20 PDT 2026,Thu Jun 11 06:24:20 PDT 2026,GET,https://brillsign.com/free_trial_visual.png,200,OK,13,507,620173
10983,Thu Jun 11 06:24:20 PDT 2026,Thu Jun 11 06:24:20 PDT 2026,GET,https://brillsign.com/1111111%20(1).png,200,OK,18,499,6757
10984,Thu Jun 11 06:24:20 PDT 2026,Thu Jun 11 06:24:20 PDT 2026,GET,https://brillsign.com/solutions-dashboard-preview.png,200,OK,16,516,42014
10985,Thu Jun 11 06:24:20 PDT 2026,Thu Jun 11 06:24:20 PDT 2026,GET,https://brillsign.com/assets/featured_resource_guide.png,200,OK,7,512,56591
10986,Thu Jun 11 06:24:20 PDT 2026,Thu Jun 11 06:24:20 PDT 2026,GET,https://brillsign.com/,200,OK,12,490,82027
10987,Thu Jun 11 06:24:20 PDT 2026,Thu Jun 11 06:24:20 PDT 2026,GET,https://brillsign.com/index.css?v=20260224w,200,OK,29,509,146741
10988,Thu Jun 11 06:24:20 PDT 2026,Thu Jun 11 06:24:20 PDT 2026,GET,https://brillsign.com/shared-components.js?v=20260311_v6,200,OK,15,533,37581
10989,Thu Jun 11 06:24:20 PDT 2026,Thu Jun 11 06:24:20 PDT 2026,GET,https://brillsign.com/animations.js,200,OK,9,526,35389
10990,Thu Jun 11 06:24:20 PDT 2026,Thu Jun 11 06:24:20 PDT 2026,GET,https://brillsign.com/translations.js,200,OK,10,529,125309
10991,Thu Jun 11 06:24:20 PDT 2026,Thu Jun 11 06:24:20 PDT 2026,GET,https://brillsign.com/scenario_audit_trails.png,200,OK,11,511,542303
10992,Thu Jun 11 06:24:21 PDT 2026,Thu Jun 11 06:24:21 PDT 2026,GET,https://brillsign.com/scenario_compliance.png,200,OK,11,509,567930
10993,Thu Jun 11 06:24:21 PDT 2026,Thu Jun 11 06:24:21 PDT 2026,GET,https://brillsign.com/scenario_zero_knowledge.png,200,OK,12,513,578596
10994,Thu Jun 11 06:24:21 PDT 2026,Thu Jun 11 06:24:21 PDT 2026,GET,https://brillsign.com/scenario_jurisdiction.png,200,OK,10,511,527297
10995,Thu Jun 11 06:24:21 PDT 2026,Thu Jun 11 06:24:21 PDT 2026,GET,https://brillsign.com/scenario_identity.png,200,OK,10,507,557906
10996,Thu Jun 11 06:24:21 PDT 2026,Thu Jun 11 06:24:21 PDT 2026,GET,https://brillsign.com/scenario_exit_safe.png,200,OK,17,508,502756
10997,Thu Jun 11 06:24:21 PDT 2026,Thu Jun 11 06:24:21 PDT 2026,GET,https://brillsign.com/brillsign_access_anywhere_1769792518327.png,200,OK,12,529,484968
10998,Thu Jun 11 06:24:21 PDT 2026,Thu Jun 11 06:24:21 PDT 2026,GET,https://brillsign.com/brillsign_send_instantly_1769792536421.png,200,OK,18,528,626091
10999,Thu Jun 11 06:24:21 PDT 2026,Thu Jun 11 06:24:21 PDT 2026,GET,https://brillsign.com/press_logos.png,200,OK,12,501,150937
11000,Thu Jun 11 06:24:21 PDT 2026,Thu Jun 11 06:24:21 PDT 2026,GET,https://brillsign.com/1111111%20(1).png,200,OK,9,499,6757
11001,Thu Jun 11 06:24:21 PDT 2026,Thu Jun 11 06:24:21 PDT 2026,GET,https://brillsign.com/assets/featured_resource_guide.png,200,OK,8,512,56591
11002,Thu Jun 11 06:24:21 PDT 2026,Thu Jun 11 06:24:21 PDT 2026,GET,https://brillsign.com/solutions-dashboard-preview.png,200,OK,15,516,42014
11003,Thu Jun 11 06:24:53 PDT 2026,Thu Jun 11 06:24:53 PDT 2026,GET,https://brillsign.com/images/scenario_encryption.jpg,200,OK,17,509,62130
11004,Thu Jun 11 06:24:54 PDT 2026,Thu Jun 11 06:24:54 PDT 2026,GET,https://brillsign.com/images/scenario_compliance.jpg,200,OK,62,509,63882
11005,Thu Jun 11 06:24:54 PDT 2026,Thu Jun 11 06:24:54 PDT 2026,GET,https://images.unsplash.com/photo-1486406146926-c627a92ad1ab?auto=format&fit=crop&q=80&w=1600,200,OK,7,639,211425
11006,Thu Jun 11 06:24:55 PDT 2026,Thu Jun 11 06:24:55 PDT 2026,GET,https://images.unsplash.com/photo-1507679799987-c73779587ccf?auto=format&fit=crop&q=80&w=1600,200,OK,4,640,154839
11007,Thu Jun 11 06:25:03 PDT 2026,Thu Jun 11 06:25:03 PDT 2026,GET,https://brillsign.com/index.html,200,OK,9,510,82027
11008,Thu Jun 11 06:25:03 PDT 2026,Thu Jun 11 06:25:03 PDT 2026,GET,https://brillsign.com/index.css?v=20260224w,200,OK,11,509,146741
11009,Thu Jun 11 06:25:03 PDT 2026,Thu Jun 11 06:25:03 PDT 2026,GET,https://brillsign.com/animations.js,200,OK,11,526,35389
11010,Thu Jun 11 06:25:03 PDT 2026,Thu Jun 11 06:25:03 PDT 2026,GET,https://brillsign.com/shared-components.js?v=20260311_v6,200,OK,14,533,37581
11011,Thu Jun 11 06:25:03 PDT 2026,Thu Jun 11 06:25:03 PDT 2026,GET,https://brillsign.com/translations.js,200,OK,9,529,125309
11012,Thu Jun 11 06:25:03 PDT 2026,Thu Jun 11 06:25:03 PDT 2026,GET,https://brillsign.com/scenario_audit_trails.png,200,OK,12,511,542303
11013,Thu Jun 11 06:25:03 PDT 2026,Thu Jun 11 06:25:03 PDT 2026,GET,https://brillsign.com/scenario_compliance.png,200,OK,11,509,567930
11014,Thu Jun 11 06:25:03 PDT 2026,Thu Jun 11 06:25:03 PDT 2026,GET,https://brillsign.com/scenario_jurisdiction.png,200,OK,7,511,527297
11015,Thu Jun 11 06:25:03 PDT 2026,Thu Jun 11 06:25:03 PDT 2026,GET,https://brillsign.com/scenario_zero_knowledge.png,200,OK,15,513,578596
11016,Thu Jun 11 06:25:03 PDT 2026,Thu Jun 11 06:25:03 PDT 2026,GET,https://brillsign.com/scenario_identity.png,200,OK,10,507,557906
11017,Thu Jun 11 06:25:03 PDT 2026,Thu Jun 11 06:25:03 PDT 2026,GET,https://brillsign.com/scenario_exit_safe.png,200,OK,22,508,502756
11018,Thu Jun 11 06:25:03 PDT 2026,Thu Jun 11 06:25:03 PDT 2026,GET,https://brillsign.com/brillsign_access_anywhere_1769792518327.png,200,OK,14,529,484968
11019,Thu Jun 11 06:25:03 PDT 2026,Thu Jun 11 06:25:03 PDT 2026,GET,https://brillsign.com/brillsign_send_instantly_1769792536421.png,200,OK,10,528,626091
11020,Thu Jun 11 06:25:03 PDT 2026,Thu Jun 11 06:25:03 PDT 2026,GET,https://brillsign.com/press_logos.png,200,OK,7,501,150937
11021,Thu Jun 11 06:25:03 PDT 2026,Thu Jun 11 06:25:03 PDT 2026,GET,https://brillsign.com/1111111%20(1).png,200,OK,9,499,6757
11022,Thu Jun 11 06:25:03 PDT 2026,Thu Jun 11 06:25:03 PDT 2026,GET,https://brillsign.com/assets/featured_resource_guide.png,200,OK,8,512,56591
11023,Thu Jun 11 06:25:03 PDT 2026,Thu Jun 11 06:25:03 PDT 2026,GET,https://brillsign.com/solutions-dashboard-preview.png,200,OK,8,516,42014
11024,Thu Jun 11 06:25:04 PDT 2026,Thu Jun 11 06:25:04 PDT 2026,GET,https://brillsign.com/,200,OK,11,490,82027
11025,Thu Jun 11 06:25:04 PDT 2026,Thu Jun 11 06:25:04 PDT 2026,GET,https://brillsign.com/index.css?v=20260224w,200,OK,9,509,146741
11026,Thu Jun 11 06:25:04 PDT 2026,Thu Jun 11 06:25:04 PDT 2026,GET,https://brillsign.com/shared-components.js?v=20260311_v6,200,OK,7,533,37581
11027,Thu Jun 11 06:25:04 PDT 2026,Thu Jun 11 06:25:04 PDT 2026,GET,https://brillsign.com/translations.js,200,OK,11,529,125309
11028,Thu Jun 11 06:25:04 PDT 2026,Thu Jun 11 06:25:04 PDT 2026,GET,https://brillsign.com/animations.js,200,OK,19,526,35389
11029,Thu Jun 11 06:25:04 PDT 2026,Thu Jun 11 06:25:04 PDT 2026,GET,https://brillsign.com/scenario_jurisdiction.png,200,OK,9,511,527297
11030,Thu Jun 11 06:25:04 PDT 2026,Thu Jun 11 06:25:04 PDT 2026,GET,https://brillsign.com/scenario_zero_knowledge.png,200,OK,25,513,578596
11031,Thu Jun 11 06:25:04 PDT 2026,Thu Jun 11 06:25:04 PDT 2026,GET,https://brillsign.com/scenario_exit_safe.png,200,OK,14,508,502756
11032,Thu Jun 11 06:25:04 PDT 2026,Thu Jun 11 06:25:04 PDT 2026,GET,https://brillsign.com/scenario_identity.png,200,OK,105,507,557906
11033,Thu Jun 11 06:25:04 PDT 2026,Thu Jun 11 06:25:04 PDT 2026,GET,https://brillsign.com/press_logos.png,200,OK,8,501,150937
11034,Thu Jun 11 06:25:04 PDT 2026,Thu Jun 11 06:25:04 PDT 2026,GET,https://brillsign.com/brillsign_access_anywhere_1769792518327.png,200,OK,13,529,484968
11035,Thu Jun 11 06:25:04 PDT 2026,Thu Jun 11 06:25:04 PDT 2026,GET,https://brillsign.com/brillsign_send_instantly_1769792536421.png,200,OK,23,528,626091
11036,Thu Jun 11 06:25:04 PDT 2026,Thu Jun 11 06:25:04 PDT 2026,GET,https://brillsign.com/scenario_audit_trails.png,200,OK,13,511,542303
11037,Thu Jun 11 06:25:04 PDT 2026,Thu Jun 11 06:25:04 PDT 2026,GET,https://brillsign.com/scenario_compliance.png,200,OK,13,509,567930
11038,Thu Jun 11 06:25:04 PDT 2026,Thu Jun 11 06:25:04 PDT 2026,GET,https://brillsign.com/1111111%20(1).png,200,OK,8,499,6757
11039,Thu Jun 11 06:25:04 PDT 2026,Thu Jun 11 06:25:04 PDT 2026,GET,https://brillsign.com/solutions-dashboard-preview.png,200,OK,9,516,42014
11040,Thu Jun 11 06:25:04 PDT 2026,Thu Jun 11 06:25:04 PDT 2026,GET,https://brillsign.com/assets/featured_resource_guide.png,200,OK,10,512,56591
11041,Thu Jun 11 06:25:09 PDT 2026,Thu Jun 11 06:25:09 PDT 2026,GET,https://brillsign.com/index.html,200,OK,10,510,82027
11042,Thu Jun 11 06:25:09 PDT 2026,Thu Jun 11 06:25:09 PDT 2026,GET,https://brillsign.com/index.css?v=20260224w,200,OK,9,509,146741
11043,Thu Jun 11 06:25:09 PDT 2026,Thu Jun 11 06:25:09 PDT 2026,GET,https://brillsign.com/animations.js,200,OK,8,526,35389
11044,Thu Jun 11 06:25:09 PDT 2026,Thu Jun 11 06:25:09 PDT 2026,GET,https://brillsign.com/translations.js,200,OK,11,529,125309
11045,Thu Jun 11 06:25:09 PDT 2026,Thu Jun 11 06:25:09 PDT 2026,GET,https://brillsign.com/shared-components.js?v=20260311_v6,200,OK,11,533,37581
11046,Thu Jun 11 06:25:09 PDT 2026,Thu Jun 11 06:25:09 PDT 2026,GET,https://brillsign.com/scenario_audit_trails.png,200,OK,13,511,542303
11047,Thu Jun 11 06:25:09 PDT 2026,Thu Jun 11 06:25:09 PDT 2026,GET,https://brillsign.com/scenario_compliance.png,200,OK,15,509,567930
11048,Thu Jun 11 06:25:10 PDT 2026,Thu Jun 11 06:25:10 PDT 2026,GET,https://brillsign.com/scenario_zero_knowledge.png,200,OK,13,513,578596
11049,Thu Jun 11 06:25:10 PDT 2026,Thu Jun 11 06:25:10 PDT 2026,GET,https://brillsign.com/scenario_jurisdiction.png,200,OK,17,511,527297
11050,Thu Jun 11 06:25:10 PDT 2026,Thu Jun 11 06:25:10 PDT 2026,GET,https://brillsign.com/brillsign_access_anywhere_1769792518327.png,200,OK,11,529,484968
11051,Thu Jun 11 06:25:10 PDT 2026,Thu Jun 11 06:25:10 PDT 2026,GET,https://brillsign.com/press_logos.png,200,OK,14,501,150937
11052,Thu Jun 11 06:25:10 PDT 2026,Thu Jun 11 06:25:10 PDT 2026,GET,https://brillsign.com/scenario_exit_safe.png,200,OK,12,508,502756
11053,Thu Jun 11 06:25:10 PDT 2026,Thu Jun 11 06:25:10 PDT 2026,GET,https://brillsign.com/brillsign_send_instantly_1769792536421.png,200,OK,13,528,626091
11054,Thu Jun 11 06:25:10 PDT 2026,Thu Jun 11 06:25:10 PDT 2026,GET,https://brillsign.com/scenario_identity.png,200,OK,23,507,557906
11055,Thu Jun 11 06:25:10 PDT 2026,Thu Jun 11 06:25:10 PDT 2026,GET,https://brillsign.com/1111111%20(1).png,200,OK,6,499,6757
11056,Thu Jun 11 06:25:10 PDT 2026,Thu Jun 11 06:25:10 PDT 2026,GET,https://brillsign.com/solutions-dashboard-preview.png,200,OK,12,516,42014
11057,Thu Jun 11 06:25:10 PDT 2026,Thu Jun 11 06:25:10 PDT 2026,GET,https://brillsign.com/assets/featured_resource_guide.png,200,OK,9,512,56591
11058,Thu Jun 11 06:25:11 PDT 2026,Thu Jun 11 06:25:11 PDT 2026,GET,https://brillsign.com/,200,OK,9,490,82027
11059,Thu Jun 11 06:25:11 PDT 2026,Thu Jun 11 06:25:11 PDT 2026,GET,https://brillsign.com/index.css?v=20260224w,200,OK,12,509,146741
11060,Thu Jun 11 06:25:11 PDT 2026,Thu Jun 11 06:25:11 PDT 2026,GET,https://brillsign.com/shared-components.js?v=20260311_v6,200,OK,8,533,37581
11061,Thu Jun 11 06:25:11 PDT 2026,Thu Jun 11 06:25:11 PDT 2026,GET,https://brillsign.com/translations.js,200,OK,9,529,125309
11062,Thu Jun 11 06:25:11 PDT 2026,Thu Jun 11 06:25:11 PDT 2026,GET,https://brillsign.com/animations.js,200,OK,16,526,35389
11063,Thu Jun 11 06:25:11 PDT 2026,Thu Jun 11 06:25:11 PDT 2026,GET,https://brillsign.com/scenario_audit_trails.png,200,OK,8,511,542303
11064,Thu Jun 11 06:25:11 PDT 2026,Thu Jun 11 06:25:11 PDT 2026,GET,https://brillsign.com/scenario_zero_knowledge.png,200,OK,9,513,578596
11065,Thu Jun 11 06:25:11 PDT 2026,Thu Jun 11 06:25:11 PDT 2026,GET,https://brillsign.com/scenario_compliance.png,200,OK,11,509,567930
11066,Thu Jun 11 06:25:11 PDT 2026,Thu Jun 11 06:25:11 PDT 2026,GET,https://brillsign.com/scenario_identity.png,200,OK,9,507,557906
11067,Thu Jun 11 06:25:11 PDT 2026,Thu Jun 11 06:25:11 PDT 2026,GET,https://brillsign.com/scenario_jurisdiction.png,200,OK,17,511,527297
11068,Thu Jun 11 06:25:11 PDT 2026,Thu Jun 11 06:25:11 PDT 2026,GET,https://brillsign.com/brillsign_access_anywhere_1769792518327.png,200,OK,10,529,484968
11069,Thu Jun 11 06:25:11 PDT 2026,Thu Jun 11 06:25:11 PDT 2026,GET,https://brillsign.com/brillsign_send_instantly_1769792536421.png,200,OK,10,528,626091
11070,Thu Jun 11 06:25:11 PDT 2026,Thu Jun 11 06:25:11 PDT 2026,GET,https://brillsign.com/press_logos.png,200,OK,29,501,150937
11071,Thu Jun 11 06:25:11 PDT 2026,Thu Jun 11 06:25:11 PDT 2026,GET,https://brillsign.com/scenario_exit_safe.png,200,OK,29,508,502756
11072,Thu Jun 11 06:25:11 PDT 2026,Thu Jun 11 06:25:11 PDT 2026,GET,https://brillsign.com/1111111%20(1).png,200,OK,7,499,6757
11073,Thu Jun 11 06:25:11 PDT 2026,Thu Jun 11 06:25:11 PDT 2026,GET,https://brillsign.com/solutions-dashboard-preview.png,200,OK,8,516,42014
11074,Thu Jun 11 06:25:11 PDT 2026,Thu Jun 11 06:25:11 PDT 2026,GET,https://brillsign.com/assets/featured_resource_guide.png,200,OK,7,512,56591
11075,Thu Jun 11 06:25:12 PDT 2026,Thu Jun 11 06:25:12 PDT 2026,GET,https://brillsign.com/index.html,200,OK,6,510,82027
11076,Thu Jun 11 06:25:12 PDT 2026,Thu Jun 11 06:25:12 PDT 2026,GET,https://brillsign.com/index.css?v=20260224w,200,OK,9,509,146741
11077,Thu Jun 11 06:25:12 PDT 2026,Thu Jun 11 06:25:12 PDT 2026,GET,https://brillsign.com/shared-components.js?v=20260311_v6,200,OK,11,533,37581
11078,Thu Jun 11 06:25:12 PDT 2026,Thu Jun 11 06:25:12 PDT 2026,GET,https://brillsign.com/animations.js,200,OK,10,526,35389
11079,Thu Jun 11 06:25:12 PDT 2026,Thu Jun 11 06:25:12 PDT 2026,GET,https://brillsign.com/translations.js,200,OK,8,529,125309
11080,Thu Jun 11 06:25:12 PDT 2026,Thu Jun 11 06:25:12 PDT 2026,GET,https://brillsign.com/scenario_audit_trails.png,200,OK,8,511,542303
11081,Thu Jun 11 06:25:12 PDT 2026,Thu Jun 11 06:25:12 PDT 2026,GET,https://brillsign.com/scenario_compliance.png,200,OK,10,509,567930
11082,Thu Jun 11 06:25:12 PDT 2026,Thu Jun 11 06:25:12 PDT 2026,GET,https://brillsign.com/scenario_jurisdiction.png,200,OK,17,511,527297
11083,Thu Jun 11 06:25:12 PDT 2026,Thu Jun 11 06:25:12 PDT 2026,GET,https://brillsign.com/scenario_identity.png,200,OK,13,507,557906
11084,Thu Jun 11 06:25:12 PDT 2026,Thu Jun 11 06:25:12 PDT 2026,GET,https://brillsign.com/scenario_zero_knowledge.png,200,OK,23,513,578596
11085,Thu Jun 11 06:25:12 PDT 2026,Thu Jun 11 06:25:12 PDT 2026,GET,https://brillsign.com/scenario_exit_safe.png,200,OK,18,508,502756
11086,Thu Jun 11 06:25:12 PDT 2026,Thu Jun 11 06:25:12 PDT 2026,GET,https://brillsign.com/brillsign_access_anywhere_1769792518327.png,200,OK,8,529,484968
11087,Thu Jun 11 06:25:12 PDT 2026,Thu Jun 11 06:25:12 PDT 2026,GET,https://brillsign.com/brillsign_send_instantly_1769792536421.png,200,OK,11,528,626091
11088,Thu Jun 11 06:25:12 PDT 2026,Thu Jun 11 06:25:12 PDT 2026,GET,https://brillsign.com/press_logos.png,200,OK,7,501,150937
11089,Thu Jun 11 06:25:13 PDT 2026,Thu Jun 11 06:25:13 PDT 2026,GET,https://brillsign.com/1111111%20(1).png,200,OK,8,499,6757
11090,Thu Jun 11 06:25:13 PDT 2026,Thu Jun 11 06:25:13 PDT 2026,GET,https://brillsign.com/solutions-dashboard-preview.png,200,OK,9,516,42014
11091,Thu Jun 11 06:25:13 PDT 2026,Thu Jun 11 06:25:13 PDT 2026,GET,https://brillsign.com/assets/featured_resource_guide.png,200,OK,9,512,56591
11092,Thu Jun 11 06:25:13 PDT 2026,Thu Jun 11 06:25:13 PDT 2026,GET,https://brillsign.com/,200,OK,8,490,82027
11093,Thu Jun 11 06:25:13 PDT 2026,Thu Jun 11 06:25:13 PDT 2026,GET,https://brillsign.com/animations.js,200,OK,8,526,35389
11094,Thu Jun 11 06:25:13 PDT 2026,Thu Jun 11 06:25:13 PDT 2026,GET,https://brillsign.com/shared-components.js?v=20260311_v6,200,OK,8,533,37581
11095,Thu Jun 11 06:25:13 PDT 2026,Thu Jun 11 06:25:13 PDT 2026,GET,https://brillsign.com/index.css?v=20260224w,200,OK,10,509,146741
11096,Thu Jun 11 06:25:13 PDT 2026,Thu Jun 11 06:25:13 PDT 2026,GET,https://brillsign.com/translations.js,200,OK,13,529,125309
11097,Thu Jun 11 06:25:13 PDT 2026,Thu Jun 11 06:25:13 PDT 2026,GET,https://brillsign.com/scenario_exit_safe.png,200,OK,10,508,502756
11098,Thu Jun 11 06:25:13 PDT 2026,Thu Jun 11 06:25:13 PDT 2026,GET,https://brillsign.com/brillsign_access_anywhere_1769792518327.png,200,OK,10,529,484968
11099,Thu Jun 11 06:25:13 PDT 2026,Thu Jun 11 06:25:13 PDT 2026,GET,https://brillsign.com/scenario_compliance.png,200,OK,11,509,567930
11100,Thu Jun 11 06:25:13 PDT 2026,Thu Jun 11 06:25:13 PDT 2026,GET,https://brillsign.com/scenario_identity.png,200,OK,11,507,557906
11101,Thu Jun 11 06:25:13 PDT 2026,Thu Jun 11 06:25:13 PDT 2026,GET,https://brillsign.com/scenario_jurisdiction.png,200,OK,17,511,527297
11102,Thu Jun 11 06:25:13 PDT 2026,Thu Jun 11 06:25:13 PDT 2026,GET,https://brillsign.com/scenario_audit_trails.png,200,OK,22,511,542303
11103,Thu Jun 11 06:25:13 PDT 2026,Thu Jun 11 06:25:13 PDT 2026,GET,https://brillsign.com/brillsign_send_instantly_1769792536421.png,200,OK,10,528,626091
11104,Thu Jun 11 06:25:13 PDT 2026,Thu Jun 11 06:25:13 PDT 2026,GET,https://brillsign.com/scenario_zero_knowledge.png,200,OK,49,513,578596
11105,Thu Jun 11 06:25:13 PDT 2026,Thu Jun 11 06:25:13 PDT 2026,GET,https://brillsign.com/press_logos.png,200,OK,20,501,150937
11106,Thu Jun 11 06:25:13 PDT 2026,Thu Jun 11 06:25:14 PDT 2026,GET,https://brillsign.com/1111111%20(1).png,200,OK,7,499,6757
11107,Thu Jun 11 06:25:13 PDT 2026,Thu Jun 11 06:25:14 PDT 2026,GET,https://brillsign.com/solutions-dashboard-preview.png,200,OK,9,516,42014
11108,Thu Jun 11 06:25:13 PDT 2026,Thu Jun 11 06:25:14 PDT 2026,GET,https://brillsign.com/assets/featured_resource_guide.png,200,OK,8,512,56591
11109,Thu Jun 11 06:25:47 PDT 2026,Thu Jun 11 06:25:47 PDT 2026,GET,https://brillsign.com/join-waitlist.html,200,OK,18,518,10623
11110,Thu Jun 11 06:25:48 PDT 2026,Thu Jun 11 06:25:48 PDT 2026,GET,https://brillsign.com/shared-components.js?v=20260311_v6,200,OK,16,533,37581
11111,Thu Jun 11 06:25:48 PDT 2026,Thu Jun 11 06:25:48 PDT 2026,GET,https://brillsign.com/cta-pages.css,200,OK,11,511,9182
11112,Thu Jun 11 06:25:48 PDT 2026,Thu Jun 11 06:25:48 PDT 2026,GET,https://brillsign.com/index.css,200,OK,26,509,146741
11113,Thu Jun 11 06:25:48 PDT 2026,Thu Jun 11 06:25:48 PDT 2026,GET,https://brillsign.com/1111111%20(1).png,200,OK,9,499,6757
11114,Thu Jun 11 06:25:48 PDT 2026,Thu Jun 11 06:25:48 PDT 2026,GET,https://brillsign.com/solutions-dashboard-preview.png,200,OK,29,516,42014
11115,Thu Jun 11 06:25:48 PDT 2026,Thu Jun 11 06:25:48 PDT 2026,GET,https://brillsign.com/assets/featured_resource_guide.png,200,OK,41,512,56591
11116,Thu Jun 11 06:25:48 PDT 2026,Thu Jun 11 06:25:48 PDT 2026,GET,https://brillsign.com/,200,OK,23,490,82027
11117,Thu Jun 11 06:25:48 PDT 2026,Thu Jun 11 06:25:48 PDT 2026,GET,https://brillsign.com/shared-components.js?v=20260311_v6,200,OK,7,533,37581
11118,Thu Jun 11 06:25:48 PDT 2026,Thu Jun 11 06:25:48 PDT 2026,GET,https://brillsign.com/index.css?v=20260224w,200,OK,10,509,146741
11119,Thu Jun 11 06:25:48 PDT 2026,Thu Jun 11 06:25:48 PDT 2026,GET,https://brillsign.com/translations.js,200,OK,10,529,125309
11120,Thu Jun 11 06:25:48 PDT 2026,Thu Jun 11 06:25:48 PDT 2026,GET,https://brillsign.com/scenario_audit_trails.png,200,OK,9,511,542303
11121,Thu Jun 11 06:25:48 PDT 2026,Thu Jun 11 06:25:48 PDT 2026,GET,https://brillsign.com/animations.js,200,OK,42,526,35389
11122,Thu Jun 11 06:25:48 PDT 2026,Thu Jun 11 06:25:48 PDT 2026,GET,https://brillsign.com/scenario_compliance.png,200,OK,12,509,567930
11123,Thu Jun 11 06:25:48 PDT 2026,Thu Jun 11 06:25:48 PDT 2026,GET,https://brillsign.com/scenario_zero_knowledge.png,200,OK,10,513,578596
11124,Thu Jun 11 06:25:48 PDT 2026,Thu Jun 11 06:25:48 PDT 2026,GET,https://brillsign.com/scenario_jurisdiction.png,200,OK,9,511,527297
11125,Thu Jun 11 06:25:48 PDT 2026,Thu Jun 11 06:25:48 PDT 2026,GET,https://brillsign.com/brillsign_access_anywhere_1769792518327.png,200,OK,8,529,484968
11126,Thu Jun 11 06:25:48 PDT 2026,Thu Jun 11 06:25:48 PDT 2026,GET,https://brillsign.com/scenario_exit_safe.png,200,OK,15,508,502756
11127,Thu Jun 11 06:25:48 PDT 2026,Thu Jun 11 06:25:48 PDT 2026,GET,https://brillsign.com/brillsign_send_instantly_1769792536421.png,200,OK,17,528,626091
11128,Thu Jun 11 06:25:48 PDT 2026,Thu Jun 11 06:25:48 PDT 2026,GET,https://brillsign.com/scenario_identity.png,200,OK,20,507,557906
11129,Thu Jun 11 06:25:48 PDT 2026,Thu Jun 11 06:25:48 PDT 2026,GET,https://brillsign.com/press_logos.png,200,OK,8,501,150937
11130,Thu Jun 11 06:25:48 PDT 2026,Thu Jun 11 06:25:48 PDT 2026,GET,https://brillsign.com/1111111%20(1).png,200,OK,8,499,6757
11131,Thu Jun 11 06:25:48 PDT 2026,Thu Jun 11 06:25:48 PDT 2026,GET,https://brillsign.com/solutions-dashboard-preview.png,200,OK,9,516,42014
11132,Thu Jun 11 06:25:48 PDT 2026,Thu Jun 11 06:25:48 PDT 2026,GET,https://brillsign.com/assets/featured_resource_guide.png,200,OK,10,512,56591
11133,Thu Jun 11 06:25:52 PDT 2026,Thu Jun 11 06:25:52 PDT 2026,GET,https://brillsign.com/start-free-trial.html,200,OK,9,520,9531
11134,Thu Jun 11 06:25:52 PDT 2026,Thu Jun 11 06:25:52 PDT 2026,GET,https://brillsign.com/cta-pages.css,200,OK,11,511,9182
11135,Thu Jun 11 06:25:52 PDT 2026,Thu Jun 11 06:25:52 PDT 2026,GET,https://brillsign.com/index.css,200,OK,13,509,146741
11136,Thu Jun 11 06:25:52 PDT 2026,Thu Jun 11 06:25:52 PDT 2026,GET,https://brillsign.com/shared-components.js?v=20260311_v6,200,OK,11,533,37581
11137,Thu Jun 11 06:25:52 PDT 2026,Thu Jun 11 06:25:52 PDT 2026,GET,https://brillsign.com/1111111%20(1).png,200,OK,6,499,6757
11138,Thu Jun 11 06:25:52 PDT 2026,Thu Jun 11 06:25:52 PDT 2026,GET,https://brillsign.com/solutions-dashboard-preview.png,200,OK,13,516,42014
11139,Thu Jun 11 06:25:52 PDT 2026,Thu Jun 11 06:25:52 PDT 2026,GET,https://brillsign.com/free_trial_visual.png,200,OK,20,507,620173
11140,Thu Jun 11 06:25:52 PDT 2026,Thu Jun 11 06:25:52 PDT 2026,GET,https://brillsign.com/assets/featured_resource_guide.png,200,OK,9,512,56591
11141,Thu Jun 11 06:25:52 PDT 2026,Thu Jun 11 06:25:52 PDT 2026,GET,https://brillsign.com/,200,OK,7,490,82027
11142,Thu Jun 11 06:25:52 PDT 2026,Thu Jun 11 06:25:52 PDT 2026,GET,https://brillsign.com/index.css?v=20260224w,200,OK,7,509,146741
11143,Thu Jun 11 06:25:52 PDT 2026,Thu Jun 11 06:25:52 PDT 2026,GET,https://brillsign.com/shared-components.js?v=20260311_v6,200,OK,7,533,37581
11144,Thu Jun 11 06:25:52 PDT 2026,Thu Jun 11 06:25:52 PDT 2026,GET,https://brillsign.com/translations.js,200,OK,13,529,125309
11145,Thu Jun 11 06:25:52 PDT 2026,Thu Jun 11 06:25:52 PDT 2026,GET,https://brillsign.com/animations.js,200,OK,28,526,35389
11146,Thu Jun 11 06:25:52 PDT 2026,Thu Jun 11 06:25:52 PDT 2026,GET,https://brillsign.com/scenario_jurisdiction.png,200,OK,20,511,527297
11147,Thu Jun 11 06:25:52 PDT 2026,Thu Jun 11 06:25:52 PDT 2026,GET,https://brillsign.com/scenario_audit_trails.png,200,OK,20,511,542303
11148,Thu Jun 11 06:25:52 PDT 2026,Thu Jun 11 06:25:52 PDT 2026,GET,https://brillsign.com/scenario_zero_knowledge.png,200,OK,20,513,578596
11149,Thu Jun 11 06:25:52 PDT 2026,Thu Jun 11 06:25:52 PDT 2026,GET,https://brillsign.com/scenario_identity.png,200,OK,10,507,557906
11150,Thu Jun 11 06:25:52 PDT 2026,Thu Jun 11 06:25:52 PDT 2026,GET,https://brillsign.com/scenario_exit_safe.png,200,OK,9,508,502756
11151,Thu Jun 11 06:25:52 PDT 2026,Thu Jun 11 06:25:52 PDT 2026,GET,https://brillsign.com/brillsign_send_instantly_1769792536421.png,200,OK,10,528,626091
11152,Thu Jun 11 06:25:52 PDT 2026,Thu Jun 11 06:25:52 PDT 2026,GET,https://brillsign.com/brillsign_access_anywhere_1769792518327.png,200,OK,11,529,484968
11153,Thu Jun 11 06:25:52 PDT 2026,Thu Jun 11 06:25:52 PDT 2026,GET,https://brillsign.com/press_logos.png,200,OK,22,501,150937
11154,Thu Jun 11 06:25:52 PDT 2026,Thu Jun 11 06:25:52 PDT 2026,GET,https://brillsign.com/scenario_compliance.png,200,OK,31,509,567930
11155,Thu Jun 11 06:25:52 PDT 2026,Thu Jun 11 06:25:52 PDT 2026,GET,https://brillsign.com/1111111%20(1).png,200,OK,7,499,6757
11156,Thu Jun 11 06:25:52 PDT 2026,Thu Jun 11 06:25:52 PDT 2026,GET,https://brillsign.com/solutions-dashboard-preview.png,200,OK,9,516,42014
11157,Thu Jun 11 06:25:52 PDT 2026,Thu Jun 11 06:25:52 PDT 2026,GET,https://brillsign.com/assets/featured_resource_guide.png,200,OK,9,512,56591
11158,Thu Jun 11 06:26:21 PDT 2026,Thu Jun 11 06:26:21 PDT 2026,GET,https://brillsign.com/images/scenario_encryption.jpg,200,OK,17,509,62130
11159,Thu Jun 11 06:26:22 PDT 2026,Thu Jun 11 06:26:22 PDT 2026,GET,https://brillsign.com/images/scenario_compliance.jpg,200,OK,15,509,63882
11160,Thu Jun 11 06:26:31 PDT 2026,Thu Jun 11 06:26:31 PDT 2026,GET,https://brillsign.com/index.html,200,OK,17,510,82027
11161,Thu Jun 11 06:26:31 PDT 2026,Thu Jun 11 06:26:31 PDT 2026,GET,https://brillsign.com/shared-components.js?v=20260311_v6,200,OK,9,533,37581
11162,Thu Jun 11 06:26:31 PDT 2026,Thu Jun 11 06:26:31 PDT 2026,GET,https://brillsign.com/animations.js,200,OK,9,526,35389
11163,Thu Jun 11 06:26:31 PDT 2026,Thu Jun 11 06:26:31 PDT 2026,GET,https://brillsign.com/index.css?v=20260224w,200,OK,18,509,146741
11164,Thu Jun 11 06:26:31 PDT 2026,Thu Jun 11 06:26:31 PDT 2026,GET,https://brillsign.com/translations.js,200,OK,12,529,125309
11165,Thu Jun 11 06:26:31 PDT 2026,Thu Jun 11 06:26:31 PDT 2026,GET,https://brillsign.com/scenario_audit_trails.png,200,OK,15,511,542303
11166,Thu Jun 11 06:26:31 PDT 2026,Thu Jun 11 06:26:31 PDT 2026,GET,https://brillsign.com/scenario_compliance.png,200,OK,15,509,567930
11167,Thu Jun 11 06:26:31 PDT 2026,Thu Jun 11 06:26:31 PDT 2026,GET,https://brillsign.com/scenario_zero_knowledge.png,200,OK,6,513,578596
11168,Thu Jun 11 06:26:31 PDT 2026,Thu Jun 11 06:26:31 PDT 2026,GET,https://brillsign.com/scenario_jurisdiction.png,200,OK,11,511,527297
11169,Thu Jun 11 06:26:31 PDT 2026,Thu Jun 11 06:26:31 PDT 2026,GET,https://brillsign.com/scenario_identity.png,200,OK,17,507,557906
11170,Thu Jun 11 06:26:31 PDT 2026,Thu Jun 11 06:26:31 PDT 2026,GET,https://brillsign.com/scenario_exit_safe.png,200,OK,10,508,502756
11171,Thu Jun 11 06:26:31 PDT 2026,Thu Jun 11 06:26:31 PDT 2026,GET,https://brillsign.com/brillsign_access_anywhere_1769792518327.png,200,OK,9,529,484968
11172,Thu Jun 11 06:26:31 PDT 2026,Thu Jun 11 06:26:31 PDT 2026,GET,https://brillsign.com/brillsign_send_instantly_1769792536421.png,200,OK,15,528,626091
11173,Thu Jun 11 06:26:31 PDT 2026,Thu Jun 11 06:26:31 PDT 2026,GET,https://brillsign.com/press_logos.png,200,OK,11,501,150937
11174,Thu Jun 11 06:26:31 PDT 2026,Thu Jun 11 06:26:31 PDT 2026,GET,https://brillsign.com/1111111%20(1).png,200,OK,9,499,6757
11175,Thu Jun 11 06:26:31 PDT 2026,Thu Jun 11 06:26:31 PDT 2026,GET,https://brillsign.com/solutions-dashboard-preview.png,200,OK,10,516,42014
11176,Thu Jun 11 06:26:31 PDT 2026,Thu Jun 11 06:26:31 PDT 2026,GET,https://brillsign.com/assets/featured_resource_guide.png,200,OK,11,512,56591
11177,Thu Jun 11 06:26:31 PDT 2026,Thu Jun 11 06:26:31 PDT 2026,GET,https://brillsign.com/,200,OK,9,490,82027
11178,Thu Jun 11 06:26:31 PDT 2026,Thu Jun 11 06:26:31 PDT 2026,GET,https://brillsign.com/index.css?v=20260224w,200,OK,9,509,146741
11179,Thu Jun 11 06:26:31 PDT 2026,Thu Jun 11 06:26:31 PDT 2026,GET,https://brillsign.com/animations.js,200,OK,7,526,35389
11180,Thu Jun 11 06:26:31 PDT 2026,Thu Jun 11 06:26:31 PDT 2026,GET,https://brillsign.com/shared-components.js?v=20260311_v6,200,OK,11,533,37581
11181,Thu Jun 11 06:26:31 PDT 2026,Thu Jun 11 06:26:31 PDT 2026,GET,https://brillsign.com/translations.js,200,OK,11,529,125309
11182,Thu Jun 11 06:26:31 PDT 2026,Thu Jun 11 06:26:31 PDT 2026,GET,https://brillsign.com/scenario_audit_trails.png,200,OK,8,511,542303
11183,Thu Jun 11 06:26:31 PDT 2026,Thu Jun 11 06:26:31 PDT 2026,GET,https://brillsign.com/scenario_compliance.png,200,OK,13,509,567930
11184,Thu Jun 11 06:26:31 PDT 2026,Thu Jun 11 06:26:31 PDT 2026,GET,https://brillsign.com/scenario_zero_knowledge.png,200,OK,10,513,578596
11185,Thu Jun 11 06:26:31 PDT 2026,Thu Jun 11 06:26:31 PDT 2026,GET,https://brillsign.com/brillsign_access_anywhere_1769792518327.png,200,OK,14,529,484968
11186,Thu Jun 11 06:26:31 PDT 2026,Thu Jun 11 06:26:31 PDT 2026,GET,https://brillsign.com/scenario_jurisdiction.png,200,OK,9,511,527297
11187,Thu Jun 11 06:26:31 PDT 2026,Thu Jun 11 06:26:31 PDT 2026,GET,https://brillsign.com/scenario_identity.png,200,OK,8,507,557906
11188,Thu Jun 11 06:26:31 PDT 2026,Thu Jun 11 06:26:31 PDT 2026,GET,https://brillsign.com/scenario_exit_safe.png,200,OK,8,508,502756
11189,Thu Jun 11 06:26:31 PDT 2026,Thu Jun 11 06:26:31 PDT 2026,GET,https://brillsign.com/brillsign_send_instantly_1769792536421.png,200,OK,15,528,626091
11190,Thu Jun 11 06:26:31 PDT 2026,Thu Jun 11 06:26:31 PDT 2026,GET,https://brillsign.com/press_logos.png,200,OK,9,501,150937
11191,Thu Jun 11 06:26:31 PDT 2026,Thu Jun 11 06:26:31 PDT 2026,GET,https://brillsign.com/1111111%20(1).png,200,OK,9,499,6757
11192,Thu Jun 11 06:26:31 PDT 2026,Thu Jun 11 06:26:31 PDT 2026,GET,https://brillsign.com/assets/featured_resource_guide.png,200,OK,9,512,56591
11193,Thu Jun 11 06:26:31 PDT 2026,Thu Jun 11 06:26:31 PDT 2026,GET,https://brillsign.com/solutions-dashboard-preview.png,200,OK,45,516,42014
11194,Thu Jun 11 06:26:34 PDT 2026,Thu Jun 11 06:26:34 PDT 2026,GET,https://brillsign.com/?name=abc,200,OK,10,490,82027
11195,Thu Jun 11 06:26:34 PDT 2026,Thu Jun 11 06:26:34 PDT 2026,GET,https://brillsign.com/index.css?v=20260224w,200,OK,11,509,146741
11196,Thu Jun 11 06:26:34 PDT 2026,Thu Jun 11 06:26:34 PDT 2026,GET,https://brillsign.com/shared-components.js?v=20260311_v6,200,OK,10,533,37581
11197,Thu Jun 11 06:26:34 PDT 2026,Thu Jun 11 06:26:34 PDT 2026,GET,https://brillsign.com/translations.js,200,OK,10,529,125309
11198,Thu Jun 11 06:26:34 PDT 2026,Thu Jun 11 06:26:34 PDT 2026,GET,https://brillsign.com/animations.js,200,OK,17,526,35389
11199,Thu Jun 11 06:26:34 PDT 2026,Thu Jun 11 06:26:34 PDT 2026,GET,https://brillsign.com/scenario_audit_trails.png,200,OK,10,511,542303
11200,Thu Jun 11 06:26:34 PDT 2026,Thu Jun 11 06:26:34 PDT 2026,GET,https://brillsign.com/scenario_jurisdiction.png,200,OK,11,511,527297
11201,Thu Jun 11 06:26:34 PDT 2026,Thu Jun 11 06:26:34 PDT 2026,GET,https://brillsign.com/scenario_identity.png,200,OK,16,507,557906
11202,Thu Jun 11 06:26:34 PDT 2026,Thu Jun 11 06:26:34 PDT 2026,GET,https://brillsign.com/scenario_compliance.png,200,OK,10,509,567930
11203,Thu Jun 11 06:26:34 PDT 2026,Thu Jun 11 06:26:34 PDT 2026,GET,https://brillsign.com/scenario_zero_knowledge.png,200,OK,21,513,578596
11204,Thu Jun 11 06:26:34 PDT 2026,Thu Jun 11 06:26:34 PDT 2026,GET,https://brillsign.com/scenario_exit_safe.png,200,OK,16,508,502756
11205,Thu Jun 11 06:26:34 PDT 2026,Thu Jun 11 06:26:34 PDT 2026,GET,https://brillsign.com/press_logos.png,200,OK,9,501,150937
11206,Thu Jun 11 06:26:34 PDT 2026,Thu Jun 11 06:26:34 PDT 2026,GET,https://brillsign.com/brillsign_access_anywhere_1769792518327.png,200,OK,9,529,484968
11207,Thu Jun 11 06:26:34 PDT 2026,Thu Jun 11 06:26:34 PDT 2026,GET,https://brillsign.com/brillsign_send_instantly_1769792536421.png,200,OK,38,528,626091
11208,Thu Jun 11 06:26:34 PDT 2026,Thu Jun 11 06:26:34 PDT 2026,GET,https://brillsign.com/1111111%20(1).png,200,OK,8,499,6757
11209,Thu Jun 11 06:26:34 PDT 2026,Thu Jun 11 06:26:34 PDT 2026,GET,https://brillsign.com/solutions-dashboard-preview.png,200,OK,7,516,42014
11210,Thu Jun 11 06:26:34 PDT 2026,Thu Jun 11 06:26:34 PDT 2026,GET,https://brillsign.com/assets/featured_resource_guide.png,200,OK,12,512,56591
11211,Thu Jun 11 06:26:36 PDT 2026,Thu Jun 11 06:26:36 PDT 2026,GET,https://brillsign.com/index.html,200,OK,13,510,82027
11212,Thu Jun 11 06:26:36 PDT 2026,Thu Jun 11 06:26:36 PDT 2026,GET,https://brillsign.com/index.css?v=20260224w,200,OK,13,509,146741
11213,Thu Jun 11 06:26:36 PDT 2026,Thu Jun 11 06:26:36 PDT 2026,GET,https://brillsign.com/animations.js,200,OK,10,526,35389
11214,Thu Jun 11 06:26:36 PDT 2026,Thu Jun 11 06:26:36 PDT 2026,GET,https://brillsign.com/shared-components.js?v=20260311_v6,200,OK,20,533,37581
11215,Thu Jun 11 06:26:36 PDT 2026,Thu Jun 11 06:26:37 PDT 2026,GET,https://brillsign.com/translations.js,200,OK,26,529,125309
11216,Thu Jun 11 06:26:37 PDT 2026,Thu Jun 11 06:26:37 PDT 2026,GET,https://brillsign.com/scenario_audit_trails.png,200,OK,11,511,542303
11217,Thu Jun 11 06:26:37 PDT 2026,Thu Jun 11 06:26:37 PDT 2026,GET,https://brillsign.com/scenario_compliance.png,200,OK,12,509,567930
11218,Thu Jun 11 06:26:37 PDT 2026,Thu Jun 11 06:26:37 PDT 2026,GET,https://brillsign.com/scenario_zero_knowledge.png,200,OK,11,513,578596
11219,Thu Jun 11 06:26:37 PDT 2026,Thu Jun 11 06:26:37 PDT 2026,GET,https://brillsign.com/scenario_jurisdiction.png,200,OK,10,511,527297
11220,Thu Jun 11 06:26:37 PDT 2026,Thu Jun 11 06:26:37 PDT 2026,GET,https://brillsign.com/scenario_identity.png,200,OK,12,507,557906
11221,Thu Jun 11 06:26:37 PDT 2026,Thu Jun 11 06:26:37 PDT 2026,GET,https://brillsign.com/scenario_exit_safe.png,200,OK,49,508,502756
11222,Thu Jun 11 06:26:37 PDT 2026,Thu Jun 11 06:26:37 PDT 2026,GET,https://brillsign.com/brillsign_send_instantly_1769792536421.png,200,OK,12,528,626091
11223,Thu Jun 11 06:26:37 PDT 2026,Thu Jun 11 06:26:37 PDT 2026,GET,https://brillsign.com/brillsign_access_anywhere_1769792518327.png,200,OK,21,529,484968
11224,Thu Jun 11 06:26:37 PDT 2026,Thu Jun 11 06:26:37 PDT 2026,GET,https://brillsign.com/press_logos.png,200,OK,9,501,150937
11225,Thu Jun 11 06:26:37 PDT 2026,Thu Jun 11 06:26:37 PDT 2026,GET,https://brillsign.com/solutions-dashboard-preview.png,200,OK,9,516,42014
11226,Thu Jun 11 06:26:37 PDT 2026,Thu Jun 11 06:26:37 PDT 2026,GET,https://brillsign.com/assets/featured_resource_guide.png,200,OK,12,512,56591
11227,Thu Jun 11 06:26:37 PDT 2026,Thu Jun 11 06:26:37 PDT 2026,GET,https://brillsign.com/1111111%20(1).png,200,OK,23,499,6757
11228,Thu Jun 11 06:26:38 PDT 2026,Thu Jun 11 06:26:38 PDT 2026,GET,https://brillsign.com/?name=abc,200,OK,10,490,82027
11229,Thu Jun 11 06:26:38 PDT 2026,Thu Jun 11 06:26:38 PDT 2026,GET,https://brillsign.com/index.css?v=20260224w,200,OK,16,509,146741
11230,Thu Jun 11 06:26:38 PDT 2026,Thu Jun 11 06:26:38 PDT 2026,GET,https://brillsign.com/shared-components.js?v=20260311_v6,200,OK,8,533,37581
11231,Thu Jun 11 06:26:38 PDT 2026,Thu Jun 11 06:26:38 PDT 2026,GET,https://brillsign.com/animations.js,200,OK,8,526,35389
11232,Thu Jun 11 06:26:38 PDT 2026,Thu Jun 11 06:26:38 PDT 2026,GET,https://brillsign.com/translations.js,200,OK,7,529,125309
11233,Thu Jun 11 06:26:38 PDT 2026,Thu Jun 11 06:26:38 PDT 2026,GET,https://brillsign.com/scenario_compliance.png,200,OK,9,509,567930
11234,Thu Jun 11 06:26:38 PDT 2026,Thu Jun 11 06:26:38 PDT 2026,GET,https://brillsign.com/scenario_audit_trails.png,200,OK,23,511,542303
11235,Thu Jun 11 06:26:38 PDT 2026,Thu Jun 11 06:26:38 PDT 2026,GET,https://brillsign.com/scenario_zero_knowledge.png,200,OK,9,513,578596
11236,Thu Jun 11 06:26:38 PDT 2026,Thu Jun 11 06:26:38 PDT 2026,GET,https://brillsign.com/scenario_jurisdiction.png,200,OK,12,511,527297
11237,Thu Jun 11 06:26:38 PDT 2026,Thu Jun 11 06:26:38 PDT 2026,GET,https://brillsign.com/scenario_identity.png,200,OK,35,507,557906
11238,Thu Jun 11 06:26:38 PDT 2026,Thu Jun 11 06:26:38 PDT 2026,GET,https://brillsign.com/scenario_exit_safe.png,200,OK,7,508,502756
11239,Thu Jun 11 06:26:38 PDT 2026,Thu Jun 11 06:26:38 PDT 2026,GET,https://brillsign.com/brillsign_send_instantly_1769792536421.png,200,OK,8,528,626091
11241,Thu Jun 11 06:26:38 PDT 2026,Thu Jun 11 06:26:38 PDT 2026,GET,https://brillsign.com/brillsign_access_anywhere_1769792518327.png,200,OK,15,529,484968
11240,Thu Jun 11 06:26:38 PDT 2026,Thu Jun 11 06:26:38 PDT 2026,GET,https://brillsign.com/press_logos.png,200,OK,10,501,150937
11242,Thu Jun 11 06:26:38 PDT 2026,Thu Jun 11 06:26:38 PDT 2026,GET,https://brillsign.com/assets/featured_resource_guide.png,200,OK,8,512,56591
11243,Thu Jun 11 06:26:38 PDT 2026,Thu Jun 11 06:26:38 PDT 2026,GET,https://brillsign.com/solutions-dashboard-preview.png,200,OK,9,516,42014
11244,Thu Jun 11 06:26:38 PDT 2026,Thu Jun 11 06:26:38 PDT 2026,GET,https://brillsign.com/1111111%20(1).png,200,OK,16,499,6757
11245,Thu Jun 11 06:26:38 PDT 2026,Thu Jun 11 06:26:38 PDT 2026,GET,https://brillsign.com/index.html,200,OK,8,510,82027
11246,Thu Jun 11 06:26:39 PDT 2026,Thu Jun 11 06:26:39 PDT 2026,GET,https://brillsign.com/index.css?v=20260224w,200,OK,10,509,146741
11247,Thu Jun 11 06:26:39 PDT 2026,Thu Jun 11 06:26:39 PDT 2026,GET,https://brillsign.com/shared-components.js?v=20260311_v6,200,OK,10,533,37581
11248,Thu Jun 11 06:26:39 PDT 2026,Thu Jun 11 06:26:39 PDT 2026,GET,https://brillsign.com/animations.js,200,OK,11,526,35389
11249,Thu Jun 11 06:26:39 PDT 2026,Thu Jun 11 06:26:39 PDT 2026,GET,https://brillsign.com/translations.js,200,OK,10,529,125309
11250,Thu Jun 11 06:26:39 PDT 2026,Thu Jun 11 06:26:39 PDT 2026,GET,https://brillsign.com/scenario_audit_trails.png,200,OK,11,511,542303
11251,Thu Jun 11 06:26:39 PDT 2026,Thu Jun 11 06:26:39 PDT 2026,GET,https://brillsign.com/scenario_compliance.png,200,OK,8,509,567930
11252,Thu Jun 11 06:26:39 PDT 2026,Thu Jun 11 06:26:39 PDT 2026,GET,https://brillsign.com/scenario_jurisdiction.png,200,OK,10,511,527297
11253,Thu Jun 11 06:26:39 PDT 2026,Thu Jun 11 06:26:39 PDT 2026,GET,https://brillsign.com/scenario_identity.png,200,OK,20,507,557906
11254,Thu Jun 11 06:26:39 PDT 2026,Thu Jun 11 06:26:39 PDT 2026,GET,https://brillsign.com/scenario_zero_knowledge.png,200,OK,22,513,578596
11255,Thu Jun 11 06:26:39 PDT 2026,Thu Jun 11 06:26:39 PDT 2026,GET,https://brillsign.com/scenario_exit_safe.png,200,OK,21,508,502756
11256,Thu Jun 11 06:26:39 PDT 2026,Thu Jun 11 06:26:39 PDT 2026,GET,https://brillsign.com/brillsign_access_anywhere_1769792518327.png,200,OK,9,529,484968
11257,Thu Jun 11 06:26:39 PDT 2026,Thu Jun 11 06:26:39 PDT 2026,GET,https://brillsign.com/brillsign_send_instantly_1769792536421.png,200,OK,11,528,626091
11258,Thu Jun 11 06:26:39 PDT 2026,Thu Jun 11 06:26:39 PDT 2026,GET,https://brillsign.com/press_logos.png,200,OK,25,501,150937
11259,Thu Jun 11 06:26:39 PDT 2026,Thu Jun 11 06:26:39 PDT 2026,GET,https://brillsign.com/1111111%20(1).png,200,OK,7,499,6757
11260,Thu Jun 11 06:26:39 PDT 2026,Thu Jun 11 06:26:39 PDT 2026,GET,https://brillsign.com/solutions-dashboard-preview.png,200,OK,9,516,42014
11261,Thu Jun 11 06:26:39 PDT 2026,Thu Jun 11 06:26:39 PDT 2026,GET,https://brillsign.com/assets/featured_resource_guide.png,200,OK,7,512,56591
11262,Thu Jun 11 06:26:39 PDT 2026,Thu Jun 11 06:26:39 PDT 2026,GET,https://brillsign.com/?name=abc,200,OK,19,490,82027
11263,Thu Jun 11 06:26:39 PDT 2026,Thu Jun 11 06:26:39 PDT 2026,GET,https://brillsign.com/index.css?v=20260224w,200,OK,10,509,146741
11264,Thu Jun 11 06:26:39 PDT 2026,Thu Jun 11 06:26:39 PDT 2026,GET,https://brillsign.com/shared-components.js?v=20260311_v6,200,OK,9,533,37581
11265,Thu Jun 11 06:26:39 PDT 2026,Thu Jun 11 06:26:39 PDT 2026,GET,https://brillsign.com/translations.js,200,OK,9,529,125309
11266,Thu Jun 11 06:26:39 PDT 2026,Thu Jun 11 06:26:39 PDT 2026,GET,https://brillsign.com/animations.js,200,OK,15,526,35389
11267,Thu Jun 11 06:26:39 PDT 2026,Thu Jun 11 06:26:39 PDT 2026,GET,https://brillsign.com/scenario_zero_knowledge.png,200,OK,10,513,578596
11268,Thu Jun 11 06:26:39 PDT 2026,Thu Jun 11 06:26:39 PDT 2026,GET,https://brillsign.com/scenario_audit_trails.png,200,OK,13,511,542303
11269,Thu Jun 11 06:26:39 PDT 2026,Thu Jun 11 06:26:39 PDT 2026,GET,https://brillsign.com/scenario_exit_safe.png,200,OK,10,508,502756
11270,Thu Jun 11 06:26:39 PDT 2026,Thu Jun 11 06:26:39 PDT 2026,GET,https://brillsign.com/scenario_jurisdiction.png,200,OK,15,511,527297
11271,Thu Jun 11 06:26:39 PDT 2026,Thu Jun 11 06:26:39 PDT 2026,GET,https://brillsign.com/scenario_compliance.png,200,OK,17,509,567930
11272,Thu Jun 11 06:26:39 PDT 2026,Thu Jun 11 06:26:39 PDT 2026,GET,https://brillsign.com/scenario_identity.png,200,OK,16,507,557906
11273,Thu Jun 11 06:26:39 PDT 2026,Thu Jun 11 06:26:39 PDT 2026,GET,https://brillsign.com/brillsign_send_instantly_1769792536421.png,200,OK,9,528,626091
11274,Thu Jun 11 06:26:39 PDT 2026,Thu Jun 11 06:26:39 PDT 2026,GET,https://brillsign.com/press_logos.png,200,OK,9,501,150937
11275,Thu Jun 11 06:26:39 PDT 2026,Thu Jun 11 06:26:39 PDT 2026,GET,https://brillsign.com/brillsign_access_anywhere_1769792518327.png,200,OK,41,529,484968
11276,Thu Jun 11 06:26:39 PDT 2026,Thu Jun 11 06:26:39 PDT 2026,GET,https://brillsign.com/1111111%20(1).png,200,OK,7,499,6757
11277,Thu Jun 11 06:26:40 PDT 2026,Thu Jun 11 06:26:40 PDT 2026,GET,https://brillsign.com/solutions-dashboard-preview.png,200,OK,9,516,42014
11278,Thu Jun 11 06:26:40 PDT 2026,Thu Jun 11 06:26:40 PDT 2026,GET,https://brillsign.com/assets/featured_resource_guide.png,200,OK,6,512,56591
11279,Thu Jun 11 06:27:17 PDT 2026,Thu Jun 11 06:27:17 PDT 2026,GET,https://brillsign.com/join-waitlist.html,200,OK,19,518,10623
11280,Thu Jun 11 06:27:17 PDT 2026,Thu Jun 11 06:27:17 PDT 2026,GET,https://brillsign.com/index.css,200,OK,16,509,146741
11281,Thu Jun 11 06:27:17 PDT 2026,Thu Jun 11 06:27:17 PDT 2026,GET,https://brillsign.com/shared-components.js?v=20260311_v6,200,OK,10,533,37581
11282,Thu Jun 11 06:27:17 PDT 2026,Thu Jun 11 06:27:17 PDT 2026,GET,https://brillsign.com/cta-pages.css,200,OK,18,511,9182
11283,Thu Jun 11 06:27:17 PDT 2026,Thu Jun 11 06:27:17 PDT 2026,GET,https://brillsign.com/1111111%20(1).png,200,OK,9,499,6757
11284,Thu Jun 11 06:27:17 PDT 2026,Thu Jun 11 06:27:17 PDT 2026,GET,https://brillsign.com/solutions-dashboard-preview.png,200,OK,8,516,42014
11285,Thu Jun 11 06:27:17 PDT 2026,Thu Jun 11 06:27:17 PDT 2026,GET,https://brillsign.com/assets/featured_resource_guide.png,200,OK,12,512,56591
11286,Thu Jun 11 06:27:17 PDT 2026,Thu Jun 11 06:27:17 PDT 2026,GET,https://brillsign.com/?name=abc,200,OK,8,490,82027
11287,Thu Jun 11 06:27:17 PDT 2026,Thu Jun 11 06:27:17 PDT 2026,GET,https://brillsign.com/shared-components.js?v=20260311_v6,200,OK,9,533,37581
11288,Thu Jun 11 06:27:17 PDT 2026,Thu Jun 11 06:27:17 PDT 2026,GET,https://brillsign.com/translations.js,200,OK,9,529,125309
11289,Thu Jun 11 06:27:17 PDT 2026,Thu Jun 11 06:27:17 PDT 2026,GET,https://brillsign.com/animations.js,200,OK,10,526,35389
11290,Thu Jun 11 06:27:17 PDT 2026,Thu Jun 11 06:27:17 PDT 2026,GET,https://brillsign.com/index.css?v=20260224w,200,OK,10,509,146741
11291,Thu Jun 11 06:27:17 PDT 2026,Thu Jun 11 06:27:17 PDT 2026,GET,https://brillsign.com/press_logos.png,200,OK,10,501,150937
11292,Thu Jun 11 06:27:17 PDT 2026,Thu Jun 11 06:27:17 PDT 2026,GET,https://brillsign.com/brillsign_access_anywhere_1769792518327.png,200,OK,15,529,484968
11293,Thu Jun 11 06:27:17 PDT 2026,Thu Jun 11 06:27:17 PDT 2026,GET,https://brillsign.com/scenario_audit_trails.png,200,OK,11,511,542303
11294,Thu Jun 11 06:27:17 PDT 2026,Thu Jun 11 06:27:17 PDT 2026,GET,https://brillsign.com/scenario_jurisdiction.png,200,OK,14,511,527297
11295,Thu Jun 11 06:27:17 PDT 2026,Thu Jun 11 06:27:17 PDT 2026,GET,https://brillsign.com/scenario_exit_safe.png,200,OK,9,508,502756
11296,Thu Jun 11 06:27:17 PDT 2026,Thu Jun 11 06:27:17 PDT 2026,GET,https://brillsign.com/brillsign_send_instantly_1769792536421.png,200,OK,10,528,626091
11297,Thu Jun 11 06:27:17 PDT 2026,Thu Jun 11 06:27:17 PDT 2026,GET,https://brillsign.com/scenario_identity.png,200,OK,10,507,557906
11298,Thu Jun 11 06:27:17 PDT 2026,Thu Jun 11 06:27:17 PDT 2026,GET,https://brillsign.com/scenario_compliance.png,200,OK,9,509,567930
11299,Thu Jun 11 06:27:17 PDT 2026,Thu Jun 11 06:27:17 PDT 2026,GET,https://brillsign.com/scenario_zero_knowledge.png,200,OK,11,513,578596
11300,Thu Jun 11 06:27:17 PDT 2026,Thu Jun 11 06:27:17 PDT 2026,GET,https://brillsign.com/solutions-dashboard-preview.png,200,OK,7,516,42014
11301,Thu Jun 11 06:27:17 PDT 2026,Thu Jun 11 06:27:17 PDT 2026,GET,https://brillsign.com/assets/featured_resource_guide.png,200,OK,9,512,56591
11302,Thu Jun 11 06:27:17 PDT 2026,Thu Jun 11 06:27:17 PDT 2026,GET,https://brillsign.com/1111111%20(1).png,200,OK,10,499,6757
11303,Thu Jun 11 06:27:22 PDT 2026,Thu Jun 11 06:27:22 PDT 2026,GET,https://brillsign.com/start-free-trial.html,200,OK,10,520,9531
11304,Thu Jun 11 06:27:22 PDT 2026,Thu Jun 11 06:27:22 PDT 2026,GET,https://brillsign.com/index.css,200,OK,9,509,146741
11305,Thu Jun 11 06:27:22 PDT 2026,Thu Jun 11 06:27:22 PDT 2026,GET,https://brillsign.com/cta-pages.css,200,OK,8,511,9182
11306,Thu Jun 11 06:27:22 PDT 2026,Thu Jun 11 06:27:22 PDT 2026,GET,https://brillsign.com/shared-components.js?v=20260311_v6,200,OK,8,533,37581
11307,Thu Jun 11 06:27:22 PDT 2026,Thu Jun 11 06:27:22 PDT 2026,GET,https://brillsign.com/free_trial_visual.png,200,OK,14,507,620173
11308,Thu Jun 11 06:27:22 PDT 2026,Thu Jun 11 06:27:22 PDT 2026,GET,https://brillsign.com/1111111%20(1).png,200,OK,9,499,6757
11309,Thu Jun 11 06:27:22 PDT 2026,Thu Jun 11 06:27:22 PDT 2026,GET,https://brillsign.com/solutions-dashboard-preview.png,200,OK,9,516,42014
11310,Thu Jun 11 06:27:22 PDT 2026,Thu Jun 11 06:27:22 PDT 2026,GET,https://brillsign.com/assets/featured_resource_guide.png,200,OK,12,512,56591
11311,Thu Jun 11 06:27:22 PDT 2026,Thu Jun 11 06:27:22 PDT 2026,GET,https://brillsign.com/?name=abc,200,OK,11,490,82027
11312,Thu Jun 11 06:27:22 PDT 2026,Thu Jun 11 06:27:22 PDT 2026,GET,https://brillsign.com/shared-components.js?v=20260311_v6,200,OK,7,533,37581
11313,Thu Jun 11 06:27:22 PDT 2026,Thu Jun 11 06:27:22 PDT 2026,GET,https://brillsign.com/index.css?v=20260224w,200,OK,10,509,146741
11314,Thu Jun 11 06:27:22 PDT 2026,Thu Jun 11 06:27:22 PDT 2026,GET,https://brillsign.com/animations.js,200,OK,12,526,35389
11315,Thu Jun 11 06:27:22 PDT 2026,Thu Jun 11 06:27:22 PDT 2026,GET,https://brillsign.com/translations.js,200,OK,12,529,125309
11316,Thu Jun 11 06:27:22 PDT 2026,Thu Jun 11 06:27:22 PDT 2026,GET,https://brillsign.com/scenario_audit_trails.png,200,OK,8,511,542303
11317,Thu Jun 11 06:27:22 PDT 2026,Thu Jun 11 06:27:22 PDT 2026,GET,https://brillsign.com/scenario_zero_knowledge.png,200,OK,10,513,578596
11318,Thu Jun 11 06:27:22 PDT 2026,Thu Jun 11 06:27:22 PDT 2026,GET,https://brillsign.com/scenario_jurisdiction.png,200,OK,11,511,527297
11319,Thu Jun 11 06:27:22 PDT 2026,Thu Jun 11 06:27:22 PDT 2026,GET,https://brillsign.com/scenario_compliance.png,200,OK,14,509,567930
11320,Thu Jun 11 06:27:22 PDT 2026,Thu Jun 11 06:27:22 PDT 2026,GET,https://brillsign.com/scenario_identity.png,200,OK,11,507,557906
11321,Thu Jun 11 06:27:22 PDT 2026,Thu Jun 11 06:27:23 PDT 2026,GET,https://brillsign.com/scenario_exit_safe.png,200,OK,11,508,502756
11322,Thu Jun 11 06:27:23 PDT 2026,Thu Jun 11 06:27:23 PDT 2026,GET,https://brillsign.com/brillsign_access_anywhere_1769792518327.png,200,OK,8,529,484968
11323,Thu Jun 11 06:27:23 PDT 2026,Thu Jun 11 06:27:23 PDT 2026,GET,https://brillsign.com/press_logos.png,200,OK,7,501,150937
11324,Thu Jun 11 06:27:23 PDT 2026,Thu Jun 11 06:27:23 PDT 2026,GET,https://brillsign.com/brillsign_send_instantly_1769792536421.png,200,OK,11,528,626091
11325,Thu Jun 11 06:27:23 PDT 2026,Thu Jun 11 06:27:23 PDT 2026,GET,https://brillsign.com/1111111%20(1).png,200,OK,6,499,6757
11326,Thu Jun 11 06:27:23 PDT 2026,Thu Jun 11 06:27:23 PDT 2026,GET,https://brillsign.com/assets/featured_resource_guide.png,200,OK,6,512,56591
11327,Thu Jun 11 06:27:23 PDT 2026,Thu Jun 11 06:27:23 PDT 2026,GET,https://brillsign.com/solutions-dashboard-preview.png,200,OK,9,516,42014
11328,Thu Jun 11 06:28:01 PDT 2026,Thu Jun 11 06:28:01 PDT 2026,GET,https://brillsign.com/images/scenario_encryption.jpg,200,OK,21,509,62130
11329,Thu Jun 11 06:28:02 PDT 2026,Thu Jun 11 06:28:02 PDT 2026,GET,https://brillsign.com/images/scenario_compliance.jpg,200,OK,17,509,63882
11330,Thu Jun 11 06:28:13 PDT 2026,Thu Jun 11 06:28:13 PDT 2026,GET,https://brillsign.com/index.html,200,OK,17,510,82027
11331,Thu Jun 11 06:28:13 PDT 2026,Thu Jun 11 06:28:13 PDT 2026,GET,https://brillsign.com/index.css?v=20260224w,200,OK,10,509,146741
11332,Thu Jun 11 06:28:13 PDT 2026,Thu Jun 11 06:28:13 PDT 2026,GET,https://brillsign.com/animations.js,200,OK,8,526,35389
11333,Thu Jun 11 06:28:13 PDT 2026,Thu Jun 11 06:28:13 PDT 2026,GET,https://brillsign.com/shared-components.js?v=20260311_v6,200,OK,7,533,37581
11334,Thu Jun 11 06:28:13 PDT 2026,Thu Jun 11 06:28:13 PDT 2026,GET,https://brillsign.com/translations.js,200,OK,14,529,125309
11335,Thu Jun 11 06:28:13 PDT 2026,Thu Jun 11 06:28:13 PDT 2026,GET,https://brillsign.com/scenario_audit_trails.png,200,OK,10,511,542303
11336,Thu Jun 11 06:28:13 PDT 2026,Thu Jun 11 06:28:13 PDT 2026,GET,https://brillsign.com/scenario_compliance.png,200,OK,9,509,567930
11337,Thu Jun 11 06:28:13 PDT 2026,Thu Jun 11 06:28:13 PDT 2026,GET,https://brillsign.com/scenario_zero_knowledge.png,200,OK,12,513,578596
11338,Thu Jun 11 06:28:13 PDT 2026,Thu Jun 11 06:28:13 PDT 2026,GET,https://brillsign.com/scenario_jurisdiction.png,200,OK,10,511,527297
11339,Thu Jun 11 06:28:13 PDT 2026,Thu Jun 11 06:28:13 PDT 2026,GET,https://brillsign.com/scenario_identity.png,200,OK,11,507,557906
11340,Thu Jun 11 06:28:13 PDT 2026,Thu Jun 11 06:28:13 PDT 2026,GET,https://brillsign.com/scenario_exit_safe.png,200,OK,9,508,502756
11341,Thu Jun 11 06:28:13 PDT 2026,Thu Jun 11 06:28:13 PDT 2026,GET,https://brillsign.com/brillsign_access_anywhere_1769792518327.png,200,OK,14,529,484968
11342,Thu Jun 11 06:28:13 PDT 2026,Thu Jun 11 06:28:13 PDT 2026,GET,https://brillsign.com/brillsign_send_instantly_1769792536421.png,200,OK,14,528,626091
11343,Thu Jun 11 06:28:13 PDT 2026,Thu Jun 11 06:28:13 PDT 2026,GET,https://brillsign.com/1111111%20(1).png,200,OK,9,499,6757
11344,Thu Jun 11 06:28:13 PDT 2026,Thu Jun 11 06:28:13 PDT 2026,GET,https://brillsign.com/press_logos.png,200,OK,14,501,150937
11345,Thu Jun 11 06:28:13 PDT 2026,Thu Jun 11 06:28:13 PDT 2026,GET,https://brillsign.com/solutions-dashboard-preview.png,200,OK,7,516,42014
11346,Thu Jun 11 06:28:13 PDT 2026,Thu Jun 11 06:28:13 PDT 2026,GET,https://brillsign.com/assets/featured_resource_guide.png,200,OK,6,512,56591
11347,Thu Jun 11 06:28:13 PDT 2026,Thu Jun 11 06:28:13 PDT 2026,GET,https://brillsign.com/?name=abc,200,OK,10,490,82027
11348,Thu Jun 11 06:28:13 PDT 2026,Thu Jun 11 06:28:13 PDT 2026,GET,https://brillsign.com/translations.js,200,OK,8,529,125309
11349,Thu Jun 11 06:28:13 PDT 2026,Thu Jun 11 06:28:13 PDT 2026,GET,https://brillsign.com/shared-components.js?v=20260311_v6,200,OK,10,533,37581
11350,Thu Jun 11 06:28:13 PDT 2026,Thu Jun 11 06:28:13 PDT 2026,GET,https://brillsign.com/animations.js,200,OK,10,526,35389
11351,Thu Jun 11 06:28:13 PDT 2026,Thu Jun 11 06:28:13 PDT 2026,GET,https://brillsign.com/index.css?v=20260224w,200,OK,14,509,146741
11352,Thu Jun 11 06:28:14 PDT 2026,Thu Jun 11 06:28:14 PDT 2026,GET,https://brillsign.com/scenario_identity.png,200,OK,11,507,557906
11353,Thu Jun 11 06:28:14 PDT 2026,Thu Jun 11 06:28:14 PDT 2026,GET,https://brillsign.com/scenario_compliance.png,200,OK,17,509,567930
11354,Thu Jun 11 06:28:14 PDT 2026,Thu Jun 11 06:28:14 PDT 2026,GET,https://brillsign.com/scenario_jurisdiction.png,200,OK,13,511,527297
11355,Thu Jun 11 06:28:14 PDT 2026,Thu Jun 11 06:28:14 PDT 2026,GET,https://brillsign.com/scenario_zero_knowledge.png,200,OK,10,513,578596
11356,Thu Jun 11 06:28:14 PDT 2026,Thu Jun 11 06:28:14 PDT 2026,GET,https://brillsign.com/brillsign_send_instantly_1769792536421.png,200,OK,10,528,626091
11358,Thu Jun 11 06:28:14 PDT 2026,Thu Jun 11 06:28:14 PDT 2026,GET,https://brillsign.com/brillsign_access_anywhere_1769792518327.png,200,OK,15,529,484968
11357,Thu Jun 11 06:28:14 PDT 2026,Thu Jun 11 06:28:14 PDT 2026,GET,https://brillsign.com/scenario_exit_safe.png,200,OK,13,508,502756
11359,Thu Jun 11 06:28:14 PDT 2026,Thu Jun 11 06:28:14 PDT 2026,GET,https://brillsign.com/scenario_audit_trails.png,200,OK,16,511,542303
11360,Thu Jun 11 06:28:14 PDT 2026,Thu Jun 11 06:28:14 PDT 2026,GET,https://brillsign.com/1111111%20(1).png,200,OK,12,499,6757
11361,Thu Jun 11 06:28:14 PDT 2026,Thu Jun 11 06:28:14 PDT 2026,GET,https://brillsign.com/press_logos.png,200,OK,11,501,150937
11362,Thu Jun 11 06:28:14 PDT 2026,Thu Jun 11 06:28:14 PDT 2026,GET,https://brillsign.com/assets/featured_resource_guide.png,200,OK,9,512,56591
11363,Thu Jun 11 06:28:14 PDT 2026,Thu Jun 11 06:28:14 PDT 2026,GET,https://brillsign.com/solutions-dashboard-preview.png,200,OK,12,516,42014
11364,Thu Jun 11 06:28:18 PDT 2026,Thu Jun 11 06:28:18 PDT 2026,GET,https://brillsign.com/?class.module.classLoader.DefaultAssertionStatus=nonsense,200,OK,16,490,82027
11365,Thu Jun 11 06:28:18 PDT 2026,Thu Jun 11 06:28:18 PDT 2026,POST,https://brillsign.com/,405,Method Not Allowed,23,349,0
11366,Thu Jun 11 06:28:18 PDT 2026,Thu Jun 11 06:28:18 PDT 2026,POST,https://brillsign.com/,405,Method Not Allowed,10,349,0
11367,Thu Jun 11 06:28:18 PDT 2026,Thu Jun 11 06:28:18 PDT 2026,GET,https://brillsign.com/latest/meta-data/,308,Permanent Redirect,11,350,133
11368,Thu Jun 11 06:28:18 PDT 2026,Thu Jun 11 06:28:18 PDT 2026,GET,https://brillsign.com/latest/meta-data/,404,Not Found,17,328,3783
11369,Thu Jun 11 06:28:18 PDT 2026,Thu Jun 11 06:28:18 PDT 2026,GET,https://brillsign.com/computeMetadata/v1/,308,Permanent Redirect,6,350,133
11370,Thu Jun 11 06:28:18 PDT 2026,Thu Jun 11 06:28:18 PDT 2026,GET,https://brillsign.com/computeMetadata/v1/,308,Permanent Redirect,19,350,133
11371,Thu Jun 11 06:28:18 PDT 2026,Thu Jun 11 06:28:18 PDT 2026,GET,https://brillsign.com/opc/v1/instance/,308,Permanent Redirect,9,350,133
11372,Thu Jun 11 06:28:18 PDT 2026,Thu Jun 11 06:28:18 PDT 2026,GET,https://brillsign.com/opc/v1/instance/,404,Not Found,31,328,3783
11373,Thu Jun 11 06:28:18 PDT 2026,Thu Jun 11 06:28:18 PDT 2026,GET,https://brillsign.com/latest/meta-data/,308,Permanent Redirect,6,350,133
11374,Thu Jun 11 06:28:18 PDT 2026,Thu Jun 11 06:28:18 PDT 2026,GET,https://brillsign.com/latest/meta-data/,404,Not Found,26,328,3783
11375,Thu Jun 11 06:28:18 PDT 2026,Thu Jun 11 06:28:18 PDT 2026,GET,https://brillsign.com/metadata/instance,308,Permanent Redirect,5,350,133
11376,Thu Jun 11 06:28:18 PDT 2026,Thu Jun 11 06:28:18 PDT 2026,GET,https://brillsign.com/,200,OK,19,490,82027
11377,Thu Jun 11 06:28:18 PDT 2026,Thu Jun 11 06:28:18 PDT 2026,GET,https://brillsign.com/elmah.axd,404,Not Found,8,317,3718
11378,Thu Jun 11 06:28:18 PDT 2026,Thu Jun 11 06:28:18 PDT 2026,GET,https://brillsign.com/trace.axd,404,Not Found,41,317,3718
11379,Thu Jun 11 06:28:18 PDT 2026,Thu Jun 11 06:28:18 PDT 2026,GET,https://brillsign.com/.htaccess,404,Not Found,36,317,3718
11380,Thu Jun 11 06:28:18 PDT 2026,Thu Jun 11 06:28:18 PDT 2026,GET,https://brillsign.com/.env,404,Not Found,9,317,3718
11381,Thu Jun 11 06:28:18 PDT 2026,Thu Jun 11 06:28:18 PDT 2026,GET,https://brillsign.com/zap6990560847579964281,404,Not Found,8,317,3718
11382,Thu Jun 11 06:28:18 PDT 2026,Thu Jun 11 06:28:18 PDT 2026,GET,https://brillsign.com/.zap2999616844551119872,404,Not Found,6,317,3718
11383,Thu Jun 11 06:28:18 PDT 2026,Thu Jun 11 06:28:18 PDT 2026,GET,https://brillsign.com/actuator/health,404,Not Found,21,317,3718
11384,Thu Jun 11 06:28:18 PDT 2026,Thu Jun 11 06:28:18 PDT 2026,GET,https://brillsign.com/actuator/health,404,Not Found,6,317,3718
11385,Thu Jun 11 06:28:18 PDT 2026,Thu Jun 11 06:28:18 PDT 2026,GET,https://brillsign.com/lfm.php,403,Forbidden,8,265,5525
11386,Thu Jun 11 06:28:18 PDT 2026,Thu Jun 11 06:28:18 PDT 2026,GET,https://brillsign.com/.idea/WebServers.xml,404,Not Found,5,317,3718
11387,Thu Jun 11 06:28:18 PDT 2026,Thu Jun 11 06:28:18 PDT 2026,GET,https://brillsign.com/config/databases.yml,404,Not Found,4,317,3718
11388,Thu Jun 11 06:28:18 PDT 2026,Thu Jun 11 06:28:18 PDT 2026,GET,https://brillsign.com/config/database.yml,404,Not Found,8,317,3718
11389,Thu Jun 11 06:28:18 PDT 2026,Thu Jun 11 06:28:18 PDT 2026,GET,https://brillsign.com/.git/config,404,Not Found,5,317,3718
11390,Thu Jun 11 06:28:18 PDT 2026,Thu Jun 11 06:28:18 PDT 2026,GET,https://brillsign.com/.svn/entries,404,Not Found,5,317,3718
11391,Thu Jun 11 06:28:18 PDT 2026,Thu Jun 11 06:28:18 PDT 2026,GET,https://brillsign.com/.svn/wc.db,404,Not Found,8,317,3718
11392,Thu Jun 11 06:28:18 PDT 2026,Thu Jun 11 06:28:18 PDT 2026,GET,https://brillsign.com/CVS/root,404,Not Found,6,317,3718
11393,Thu Jun 11 06:28:18 PDT 2026,Thu Jun 11 06:28:18 PDT 2026,GET,https://brillsign.com/server-status,404,Not Found,6,317,3718
11394,Thu Jun 11 06:28:18 PDT 2026,Thu Jun 11 06:28:18 PDT 2026,GET,https://brillsign.com/core,404,Not Found,7,317,3718
11395,Thu Jun 11 06:28:18 PDT 2026,Thu Jun 11 06:28:18 PDT 2026,GET,https://brillsign.com/sftp-config.json,404,Not Found,7,317,3718
11396,Thu Jun 11 06:28:18 PDT 2026,Thu Jun 11 06:28:18 PDT 2026,GET,https://brillsign.com/WS_FTP.ini,404,Not Found,25,317,3718
11397,Thu Jun 11 06:28:18 PDT 2026,Thu Jun 11 06:28:18 PDT 2026,GET,https://brillsign.com/ws_ftp.ini,404,Not Found,6,317,3718
11398,Thu Jun 11 06:28:18 PDT 2026,Thu Jun 11 06:28:18 PDT 2026,GET,https://brillsign.com/WS_FTP.INI,404,Not Found,6,317,3718
11399,Thu Jun 11 06:28:18 PDT 2026,Thu Jun 11 06:28:19 PDT 2026,GET,https://brillsign.com/filezilla.xml,404,Not Found,6,317,3718
11400,Thu Jun 11 06:28:19 PDT 2026,Thu Jun 11 06:28:19 PDT 2026,GET,https://brillsign.com/sitemanager.xml,404,Not Found,7,317,3718
11401,Thu Jun 11 06:28:19 PDT 2026,Thu Jun 11 06:28:19 PDT 2026,GET,https://brillsign.com/FileZilla.xml,404,Not Found,5,317,3718
11402,Thu Jun 11 06:28:19 PDT 2026,Thu Jun 11 06:28:19 PDT 2026,GET,https://brillsign.com/winscp.ini,404,Not Found,14,317,3718
11403,Thu Jun 11 06:28:19 PDT 2026,Thu Jun 11 06:28:19 PDT 2026,GET,https://brillsign.com/WinSCP.ini,404,Not Found,7,317,3718
11404,Thu Jun 11 06:28:19 PDT 2026,Thu Jun 11 06:28:19 PDT 2026,GET,https://brillsign.com/.DS_Store,404,Not Found,5,317,3718
11405,Thu Jun 11 06:28:19 PDT 2026,Thu Jun 11 06:28:19 PDT 2026,GET,https://brillsign.com/.php_cs.cache,404,Not Found,5,317,3718
11406,Thu Jun 11 06:28:19 PDT 2026,Thu Jun 11 06:28:19 PDT 2026,GET,https://brillsign.com/DEADJOE,404,Not Found,9,317,3718
11407,Thu Jun 11 06:28:19 PDT 2026,Thu Jun 11 06:28:19 PDT 2026,GET,https://brillsign.com/sites/default/private/files/backup_migrate/scheduled/test.txt,404,Not Found,8,317,3718
11408,Thu Jun 11 06:28:19 PDT 2026,Thu Jun 11 06:28:19 PDT 2026,GET,https://brillsign.com/app/etc/local.xml,404,Not Found,8,317,3718
11409,Thu Jun 11 06:28:19 PDT 2026,Thu Jun 11 06:28:19 PDT 2026,GET,https://brillsign.com/server.key,404,Not Found,5,317,3718
11410,Thu Jun 11 06:28:19 PDT 2026,Thu Jun 11 06:28:19 PDT 2026,GET,https://brillsign.com/privatekey.key,404,Not Found,5,317,3718
11411,Thu Jun 11 06:28:19 PDT 2026,Thu Jun 11 06:28:19 PDT 2026,GET,https://brillsign.com/myserver.key,404,Not Found,5,317,3718
11412,Thu Jun 11 06:28:19 PDT 2026,Thu Jun 11 06:28:19 PDT 2026,GET,https://brillsign.com/key.pem,404,Not Found,8,317,3718
11413,Thu Jun 11 06:28:19 PDT 2026,Thu Jun 11 06:28:19 PDT 2026,GET,https://brillsign.com/id_rsa,404,Not Found,6,317,3718
11414,Thu Jun 11 06:28:19 PDT 2026,Thu Jun 11 06:28:19 PDT 2026,GET,https://brillsign.com/id_dsa,404,Not Found,6,317,3718
11415,Thu Jun 11 06:28:19 PDT 2026,Thu Jun 11 06:28:19 PDT 2026,GET,https://brillsign.com/.ssh/id_rsa,404,Not Found,5,317,3718
11416,Thu Jun 11 06:28:19 PDT 2026,Thu Jun 11 06:28:19 PDT 2026,GET,https://brillsign.com/.ssh/id_dsa,404,Not Found,6,317,3718
11417,Thu Jun 11 06:28:19 PDT 2026,Thu Jun 11 06:28:19 PDT 2026,GET,https://brillsign.com/adminer.php,403,Forbidden,6,265,5525
11418,Thu Jun 11 06:28:19 PDT 2026,Thu Jun 11 06:28:19 PDT 2026,GET,https://brillsign.com/vb_test.php,403,Forbidden,15,265,5525
11419,Thu Jun 11 06:28:19 PDT 2026,Thu Jun 11 06:28:19 PDT 2026,GET,https://brillsign.com/CHANGELOG.txt,404,Not Found,15,317,3718
11420,Thu Jun 11 06:28:19 PDT 2026,Thu Jun 11 06:28:19 PDT 2026,GET,https://brillsign.com/sites/default/files/.ht.sqlite,404,Not Found,11,317,3718
11421,Thu Jun 11 06:28:19 PDT 2026,Thu Jun 11 06:28:19 PDT 2026,GET,https://brillsign.com/composer.json,404,Not Found,7,317,3718
11422,Thu Jun 11 06:28:19 PDT 2026,Thu Jun 11 06:28:19 PDT 2026,GET,https://brillsign.com/composer.lock,404,Not Found,6,317,3718
11423,Thu Jun 11 06:28:19 PDT 2026,Thu Jun 11 06:28:19 PDT 2026,GET,https://brillsign.com/vim_settings.xml,404,Not Found,6,317,3718
11424,Thu Jun 11 06:28:19 PDT 2026,Thu Jun 11 06:28:19 PDT 2026,GET,https://brillsign.com/server-info,404,Not Found,6,317,3718
11425,Thu Jun 11 06:28:19 PDT 2026,Thu Jun 11 06:28:19 PDT 2026,GET,https://brillsign.com/phpinfo.php,403,Forbidden,7,265,5525
11426,Thu Jun 11 06:28:19 PDT 2026,Thu Jun 11 06:28:19 PDT 2026,GET,https://brillsign.com/info.php,403,Forbidden,21,265,5525
11427,Thu Jun 11 06:28:19 PDT 2026,Thu Jun 11 06:28:19 PDT 2026,GET,https://brillsign.com/i.php,403,Forbidden,24,265,5525
11428,Thu Jun 11 06:28:19 PDT 2026,Thu Jun 11 06:28:19 PDT 2026,GET,https://brillsign.com/test.php,403,Forbidden,21,265,5525
11429,Thu Jun 11 06:28:19 PDT 2026,Thu Jun 11 06:28:19 PDT 2026,GET,https://brillsign.com/_wpeprivate/config.json,404,Not Found,18,317,3718
11430,Thu Jun 11 06:28:19 PDT 2026,Thu Jun 11 06:28:19 PDT 2026,GET,https://brillsign.com/_framework/blazor.boot.json,404,Not Found,9,317,3718
11431,Thu Jun 11 06:28:19 PDT 2026,Thu Jun 11 06:28:19 PDT 2026,GET,https://brillsign.com/.hg,404,Not Found,21,317,3718
11432,Thu Jun 11 06:28:19 PDT 2026,Thu Jun 11 06:28:19 PDT 2026,GET,https://brillsign.com/.bzr,404,Not Found,5,317,3718
11433,Thu Jun 11 06:28:19 PDT 2026,Thu Jun 11 06:28:19 PDT 2026,GET,https://brillsign.com/._darcs,404,Not Found,6,317,3718
11434,Thu Jun 11 06:28:19 PDT 2026,Thu Jun 11 06:28:19 PDT 2026,GET,https://brillsign.com/BitKeeper,404,Not Found,5,317,3718
11435,Thu Jun 11 06:28:19 PDT 2026,Thu Jun 11 06:28:19 PDT 2026,GET,http://brillsign.com/,308,Permanent Redirect,12,150,14
11436,Thu Jun 11 06:28:19 PDT 2026,Thu Jun 11 06:28:19 PDT 2026,GET,https://brillsign.com/,200,OK,6,490,82027
11437,Thu Jun 11 06:28:19 PDT 2026,Thu Jun 11 06:28:19 PDT 2026,GET,https://brillsign.com/,200,OK,6,490,82027
11438,Thu Jun 11 06:28:19 PDT 2026,Thu Jun 11 06:28:19 PDT 2026,GET,https://brillsign.com/,200,OK,6,490,82027
11439,Thu Jun 11 06:28:19 PDT 2026,Thu Jun 11 06:28:19 PDT 2026,GET,https://brillsign.com/,200,OK,5,490,82027
11440,Thu Jun 11 06:28:19 PDT 2026,Thu Jun 11 06:28:19 PDT 2026,GET,https://brillsign.com/,200,OK,7,490,82027
11441,Thu Jun 11 06:28:19 PDT 2026,Thu Jun 11 06:28:19 PDT 2026,GET,https://brillsign.com/,200,OK,159,490,82027
11442,Thu Jun 11 06:28:19 PDT 2026,Thu Jun 11 06:28:19 PDT 2026,GET,https://brillsign.com/,200,OK,8,490,82027
11443,Thu Jun 11 06:28:19 PDT 2026,Thu Jun 11 06:28:19 PDT 2026,GET,https://brillsign.com/,200,OK,9,490,82027
11444,Thu Jun 11 06:28:19 PDT 2026,Thu Jun 11 06:28:19 PDT 2026,GET,https://brillsign.com/,200,OK,24,490,82027
11445,Thu Jun 11 06:28:19 PDT 2026,Thu Jun 11 06:28:19 PDT 2026,GET,https://brillsign.com/,200,OK,23,490,82027
11446,Thu Jun 11 06:28:19 PDT 2026,Thu Jun 11 06:28:19 PDT 2026,GET,https://brillsign.com/,200,OK,16,490,82027
11447,Thu Jun 11 06:28:19 PDT 2026,Thu Jun 11 06:28:19 PDT 2026,GET,https://brillsign.com/,200,OK,7,490,82027
